Timestamp,NPK Level,Temperature (°C),Humidity (%),Ph Value,Diseased
27-11-2023 10:00,2,22,45,67,1
27-11-2023 10:01,1,23,47,56,0
27-11-2023 10:02,3,22,50,67,0
27-11-2023 10:03,2,21,48,68,0
27-11-2023 10:04,1,22,46,55,0
27-11-2023 10:05,3,23,49,44,0
27-11-2023 10:06,2,24,45,67,1
27-11-2023 10:07,1,21,47,87,0
27-11-2023 10:08,3,22,50,97,0
27-11-2023 10:09,2,23,48,67,0
27-11-2023 10:10,3,28,41,74,1
27-11-2023 10:11,1,41,54,82,0
27-11-2023 10:12,2,24,46,70,1
27-11-2023 10:13,2,22,46,69,0
27-11-2023 10:14,3,36,58,74,0
27-11-2023 10:15,1,23,53,76,1
27-11-2023 10:16,2,47,49,58,1
27-11-2023 10:17,1,26,55,81,1
27-11-2023 10:18,2,33,52,80,1
27-11-2023 10:19,2,25,54,78,1
27-11-2023 10:20,3,42,41,82,0
27-11-2023 10:21,3,35,50,55,1
27-11-2023 10:22,1,34,64,68,1
27-11-2023 10:23,3,42,42,58,1
27-11-2023 10:24,2,21,45,81,1
27-11-2023 10:25,2,41,51,72,1
27-11-2023 10:26,1,26,43,74,0
27-11-2023 10:27,3,26,43,77,1
27-11-2023 10:28,3,26,61,66,0
27-11-2023 10:29,3,19,62,75,0
27-11-2023 10:30,2,42,45,86,0
27-11-2023 10:31,2,35,46,78,1
27-11-2023 10:32,2,25,65,54,0
27-11-2023 10:33,2,43,61,62,0
27-11-2023 10:34,3,45,39,84,0
27-11-2023 10:35,3,39,66,81,0
27-11-2023 10:36,1,36,67,71,0
27-11-2023 10:37,3,39,40,60,0
27-11-2023 10:38,2,28,53,83,0
27-11-2023 10:39,3,45,62,58,0
27-11-2023 10:40,3,25,55,71,1
27-11-2023 10:41,1,45,53,85,1
27-11-2023 10:42,2,42,67,72,1
27-11-2023 10:43,1,46,42,70,1
27-11-2023 10:44,1,27,41,82,1
27-11-2023 10:45,1,30,65,68,1
27-11-2023 10:46,2,22,52,81,1
27-11-2023 10:47,2,45,54,67,1
27-11-2023 10:48,1,23,66,84,1
27-11-2023 10:49,2,35,42,65,1
27-11-2023 10:50,1,28,38,58,1
27-11-2023 10:51,3,38,39,62,1
27-11-2023 10:52,1,23,48,81,0
27-11-2023 10:53,1,35,62,82,0
27-11-2023 10:54,2,37,63,71,1
27-11-2023 10:55,1,36,60,67,1
27-11-2023 10:56,3,26,64,84,0
27-11-2023 10:57,1,44,64,65,1
27-11-2023 10:58,1,34,55,55,1
27-11-2023 10:59,2,44,40,78,0
27-11-2023 11:00,2,47,54,74,1
27-11-2023 11:01,1,38,62,68,1
27-11-2023 11:02,1,39,38,59,0
27-11-2023 11:03,3,38,53,84,0
27-11-2023 11:04,1,27,70,70,0
27-11-2023 11:05,3,22,61,69,1
27-11-2023 11:06,3,30,54,77,1
27-11-2023 11:07,3,23,55,76,0
27-11-2023 11:08,2,47,43,77,0
27-11-2023 11:09,2,37,50,58,1
27-11-2023 11:10,2,39,38,83,1
27-11-2023 11:11,3,46,52,66,0
27-11-2023 11:12,2,46,69,73,1
27-11-2023 11:13,3,34,64,59,1
27-11-2023 11:14,2,42,58,58,1
27-11-2023 11:15,2,27,44,60,1
27-11-2023 11:16,3,25,49,77,1
27-11-2023 11:17,2,31,70,74,1
27-11-2023 11:18,3,27,64,58,0
27-11-2023 11:19,2,29,38,70,0
27-11-2023 11:20,1,41,55,84,1
27-11-2023 11:21,1,36,60,81,0
27-11-2023 11:22,1,32,49,70,1
27-11-2023 11:23,1,31,54,87,1
27-11-2023 11:24,2,46,45,86,1
27-11-2023 11:25,2,31,54,78,0
27-11-2023 11:26,3,49,59,77,1
27-11-2023 11:27,2,42,57,72,0
27-11-2023 11:28,3,30,62,59,0
27-11-2023 11:29,2,31,46,65,0
27-11-2023 11:30,3,40,66,75,1
27-11-2023 11:31,1,39,51,79,0
27-11-2023 11:32,2,29,52,85,0
27-11-2023 11:33,2,33,53,71,1
27-11-2023 11:34,1,45,59,56,1
27-11-2023 11:35,2,32,39,72,1
27-11-2023 11:36,2,32,47,60,0
27-11-2023 11:37,1,48,56,79,1
27-11-2023 11:38,3,33,44,79,1
27-11-2023 11:39,1,39,65,57,1
27-11-2023 11:40,1,21,63,54,1
27-11-2023 11:41,2,29,44,68,1
27-11-2023 11:42,1,28,46,63,0
27-11-2023 11:43,3,35,67,57,1
27-11-2023 11:44,1,20,68,55,0
27-11-2023 11:45,1,34,59,59,0
27-11-2023 11:46,2,43,60,83,0
27-11-2023 11:47,2,28,52,54,0
27-11-2023 11:48,1,28,61,57,0
27-11-2023 11:49,2,19,47,71,0
27-11-2023 11:50,3,45,49,58,0
27-11-2023 11:51,3,37,66,77,1
27-11-2023 11:52,1,33,38,67,0
27-11-2023 11:53,1,24,69,78,0
27-11-2023 11:54,3,40,60,62,1
27-11-2023 11:55,2,23,66,82,0
27-11-2023 11:56,1,43,63,63,0
27-11-2023 11:57,2,31,49,54,1
27-11-2023 11:58,3,29,50,60,1
27-11-2023 11:59,1,40,43,56,0
27-11-2023 12:00,3,44,60,83,0
27-11-2023 12:01,2,30,38,81,1
27-11-2023 12:02,3,31,63,57,0
27-11-2023 12:03,2,32,38,87,1
27-11-2023 12:04,2,25,64,68,1
27-11-2023 12:05,3,44,57,78,0
27-11-2023 12:06,2,41,59,70,0
27-11-2023 12:07,1,39,56,87,0
27-11-2023 12:08,1,35,41,58,0
27-11-2023 12:09,3,47,68,66,0
27-11-2023 12:10,1,29,68,80,1
27-11-2023 12:11,3,45,43,80,1
27-11-2023 12:12,3,23,64,70,1
27-11-2023 12:13,1,24,39,60,1
27-11-2023 12:14,1,36,56,68,1
27-11-2023 12:15,3,29,60,59,1
27-11-2023 12:16,2,41,42,63,0
27-11-2023 12:17,3,20,51,78,1
27-11-2023 12:18,2,30,55,76,0
27-11-2023 12:19,3,26,56,53,0
27-11-2023 12:20,3,47,70,75,0
27-11-2023 12:21,1,38,44,74,1
27-11-2023 12:22,2,49,60,83,0
27-11-2023 12:23,2,19,53,66,1
27-11-2023 12:24,2,36,38,70,0
27-11-2023 12:25,3,24,52,79,0
27-11-2023 12:26,2,23,47,76,0
27-11-2023 12:27,1,19,39,86,1
27-11-2023 12:28,2,33,69,79,0
27-11-2023 12:29,2,25,65,80,1
27-11-2023 12:30,3,30,38,59,1
27-11-2023 12:31,1,49,42,56,0
27-11-2023 12:32,1,48,46,68,0
27-11-2023 12:33,1,28,59,81,0
27-11-2023 12:34,2,46,45,73,1
27-11-2023 12:35,1,40,45,79,1
27-11-2023 12:36,2,38,62,73,1
27-11-2023 12:37,3,39,57,83,1
27-11-2023 12:38,2,42,39,80,0
27-11-2023 12:39,1,26,46,64,1
27-11-2023 12:40,1,36,45,54,0
27-11-2023 12:41,1,42,52,82,0
27-11-2023 12:42,1,23,52,72,0
27-11-2023 12:43,1,41,62,59,0
27-11-2023 12:44,1,33,47,85,1
27-11-2023 12:45,3,23,61,77,0
27-11-2023 12:46,2,45,62,79,0
27-11-2023 12:47,3,29,46,55,1
27-11-2023 12:48,1,41,63,80,1
27-11-2023 12:49,1,22,58,63,0
27-11-2023 12:50,1,44,54,82,1
27-11-2023 12:51,3,27,64,69,1
27-11-2023 12:52,3,24,41,82,0
27-11-2023 12:53,2,34,70,57,0
27-11-2023 12:54,2,21,69,54,0
27-11-2023 12:55,3,34,39,77,1
27-11-2023 12:56,2,21,63,53,1
27-11-2023 12:57,3,37,59,69,0
27-11-2023 12:58,2,45,42,65,1
27-11-2023 12:59,2,38,51,72,0
27-11-2023 13:00,3,39,58,70,0
27-11-2023 13:01,2,21,51,86,0
27-11-2023 13:02,3,44,55,71,0
27-11-2023 13:03,2,19,46,68,0
27-11-2023 13:04,2,36,52,53,1
27-11-2023 13:05,2,20,39,76,1
27-11-2023 13:06,1,44,65,70,0
27-11-2023 13:07,1,41,51,54,0
27-11-2023 13:08,3,48,44,86,1
27-11-2023 13:09,2,36,61,68,1
27-11-2023 13:10,2,33,38,57,0
27-11-2023 13:11,1,21,63,71,0
27-11-2023 13:12,3,49,60,60,1
27-11-2023 13:13,3,35,46,55,0
27-11-2023 13:14,2,19,63,77,0
27-11-2023 13:15,2,35,53,54,1
27-11-2023 13:16,2,32,52,56,1
27-11-2023 13:17,1,38,47,79,0
27-11-2023 13:18,1,43,54,76,0
27-11-2023 13:19,3,35,48,54,0
27-11-2023 13:20,2,36,54,56,1
27-11-2023 13:21,2,28,59,83,1
27-11-2023 13:22,3,19,40,71,0
27-11-2023 13:23,1,48,57,55,1
27-11-2023 13:24,2,42,54,59,0
27-11-2023 13:25,2,36,45,62,1
27-11-2023 13:26,1,19,53,58,1
27-11-2023 13:27,3,47,49,64,1
27-11-2023 13:28,2,33,59,71,1
27-11-2023 13:29,2,43,56,83,1
27-11-2023 13:30,1,46,52,77,1
27-11-2023 13:31,2,36,52,59,1
27-11-2023 13:32,3,39,55,55,1
27-11-2023 13:33,1,27,45,56,1
27-11-2023 13:34,3,22,41,66,1
27-11-2023 13:35,2,20,53,71,0
27-11-2023 13:36,2,37,61,87,1
27-11-2023 13:37,1,34,47,75,0
27-11-2023 13:38,2,29,49,57,1
27-11-2023 13:39,2,39,69,81,0
27-11-2023 13:40,2,44,51,66,0
27-11-2023 13:41,2,43,65,63,1
27-11-2023 13:42,3,36,53,55,0
27-11-2023 13:43,2,21,53,65,1
27-11-2023 13:44,3,20,40,81,0
27-11-2023 13:45,1,47,61,69,0
27-11-2023 13:46,2,41,45,61,1
27-11-2023 13:47,1,40,62,65,0
27-11-2023 13:48,2,38,67,81,1
27-11-2023 13:49,3,19,63,83,1
27-11-2023 13:50,3,27,38,79,1
27-11-2023 13:51,2,25,38,65,0
27-11-2023 13:52,2,30,46,57,0
27-11-2023 13:53,2,31,60,70,0
27-11-2023 13:54,1,49,44,85,0
27-11-2023 13:55,3,34,69,72,0
27-11-2023 13:56,1,31,44,82,1
27-11-2023 13:57,2,30,58,85,1
27-11-2023 13:58,1,23,43,65,1
27-11-2023 13:59,1,40,43,75,1
27-11-2023 14:00,3,47,52,79,0
27-11-2023 14:01,1,49,45,79,1
27-11-2023 14:02,1,39,70,57,0
27-11-2023 14:03,2,32,68,63,1
27-11-2023 14:04,1,38,63,57,1
27-11-2023 14:05,3,32,69,81,0
27-11-2023 14:06,3,34,49,77,1
27-11-2023 14:07,3,49,67,62,1
27-11-2023 14:08,2,21,45,70,0
27-11-2023 14:09,2,33,38,74,1
27-11-2023 14:10,2,32,63,61,0
27-11-2023 14:11,1,38,48,69,0
27-11-2023 14:12,2,42,67,70,1
27-11-2023 14:13,1,46,38,85,1
27-11-2023 14:14,1,20,51,79,1
27-11-2023 14:15,3,23,42,67,0
27-11-2023 14:16,2,34,52,80,1
27-11-2023 14:17,3,35,51,84,1
27-11-2023 14:18,1,20,62,62,0
27-11-2023 14:19,2,43,64,75,1
27-11-2023 14:20,1,48,63,83,0
27-11-2023 14:21,1,22,55,55,1
27-11-2023 14:22,3,46,65,58,1
27-11-2023 14:23,2,25,69,58,1
27-11-2023 14:24,1,45,59,82,0
27-11-2023 14:25,1,28,53,54,1
27-11-2023 14:26,2,25,62,78,0
27-11-2023 14:27,1,35,52,82,1
27-11-2023 14:28,2,30,54,64,1
27-11-2023 14:29,2,40,45,74,0
27-11-2023 14:30,2,23,61,60,1
27-11-2023 14:31,3,22,42,73,1
27-11-2023 14:32,3,41,57,71,0
27-11-2023 14:33,3,24,56,77,1
27-11-2023 14:34,2,46,52,77,0
27-11-2023 14:35,1,29,41,80,0
27-11-2023 14:36,2,45,59,61,0
27-11-2023 14:37,1,20,47,68,1
27-11-2023 14:38,1,31,68,63,1
27-11-2023 14:39,2,25,45,63,0
27-11-2023 14:40,1,29,46,65,1
27-11-2023 14:41,3,21,41,66,1
27-11-2023 14:42,3,47,55,87,0
27-11-2023 14:43,2,27,38,77,0
27-11-2023 14:44,3,37,58,55,0
27-11-2023 14:45,3,20,47,62,1
27-11-2023 14:46,2,25,48,83,1
27-11-2023 14:47,3,22,60,57,0
27-11-2023 14:48,2,21,62,80,1
27-11-2023 14:49,3,48,58,63,1
27-11-2023 14:50,2,40,50,55,0
27-11-2023 14:51,3,35,46,55,0
27-11-2023 14:52,1,47,65,80,1
27-11-2023 14:53,3,28,39,64,0
27-11-2023 14:54,3,42,65,84,0
27-11-2023 14:55,3,40,48,66,1
27-11-2023 14:56,3,49,65,65,0
27-11-2023 14:57,2,42,42,55,0
27-11-2023 14:58,3,45,48,70,1
27-11-2023 14:59,1,43,40,67,0
27-11-2023 15:00,1,46,40,59,0
27-11-2023 15:01,3,48,69,72,1
27-11-2023 15:02,2,47,48,81,0
27-11-2023 15:03,1,40,51,76,1
27-11-2023 15:04,3,40,53,74,1
27-11-2023 15:05,2,39,64,69,1
27-11-2023 15:06,2,24,63,82,0
27-11-2023 15:07,1,25,44,84,0
27-11-2023 15:08,3,38,68,70,1
27-11-2023 15:09,1,21,44,61,0
27-11-2023 15:10,3,28,42,64,0
27-11-2023 15:11,2,28,54,61,0
27-11-2023 15:12,3,20,41,75,0
27-11-2023 15:13,2,29,45,86,1
27-11-2023 15:14,3,43,62,85,0
27-11-2023 15:15,2,19,58,80,0
27-11-2023 15:16,1,47,66,71,1
27-11-2023 15:17,1,24,70,53,0
27-11-2023 15:18,3,19,62,57,0
27-11-2023 15:19,1,26,50,64,1
27-11-2023 15:20,3,41,56,58,1
27-11-2023 15:21,3,31,49,68,0
27-11-2023 15:22,3,20,68,64,0
27-11-2023 15:23,1,38,52,68,0
27-11-2023 15:24,2,27,58,57,0
27-11-2023 15:25,1,46,43,85,1
27-11-2023 15:26,3,28,45,81,0
27-11-2023 15:27,1,42,54,76,0
27-11-2023 15:28,1,43,49,86,1
27-11-2023 15:29,1,26,44,77,0
27-11-2023 15:30,2,39,62,71,1
27-11-2023 15:31,3,40,58,75,1
27-11-2023 15:32,2,27,56,74,0
27-11-2023 15:33,3,44,52,66,0
27-11-2023 15:34,3,29,62,75,0
27-11-2023 15:35,2,19,45,77,0
27-11-2023 15:36,3,42,44,87,1
27-11-2023 15:37,3,43,48,73,0
27-11-2023 15:38,3,39,46,67,1
27-11-2023 15:39,2,30,55,54,1
27-11-2023 15:40,2,27,63,60,1
27-11-2023 15:41,1,40,44,53,0
27-11-2023 15:42,2,47,55,62,0
27-11-2023 15:43,2,26,56,82,1
27-11-2023 15:44,2,33,38,86,1
27-11-2023 15:45,3,32,52,87,1
27-11-2023 15:46,1,22,58,87,0
27-11-2023 15:47,3,35,50,53,1
27-11-2023 15:48,3,39,42,83,1
27-11-2023 15:49,3,27,42,70,0
27-11-2023 15:50,3,49,61,57,0
27-11-2023 15:51,3,48,64,85,1
27-11-2023 15:52,1,29,49,83,1
27-11-2023 15:53,2,27,41,64,0
27-11-2023 15:54,2,45,65,81,1
27-11-2023 15:55,2,24,62,83,0
27-11-2023 15:56,2,23,54,69,0
27-11-2023 15:57,1,34,42,71,0
27-11-2023 15:58,3,47,47,69,1
27-11-2023 15:59,2,20,63,56,0
27-11-2023 16:00,2,42,59,76,0
27-11-2023 16:01,2,27,48,87,0
27-11-2023 16:02,2,23,60,85,1
27-11-2023 16:03,2,22,43,87,1
27-11-2023 16:04,1,41,59,71,0
27-11-2023 16:05,2,24,64,79,0
27-11-2023 16:06,1,31,42,85,0
27-11-2023 16:07,2,31,39,73,1
27-11-2023 16:08,3,35,61,68,1
27-11-2023 16:09,1,38,67,77,0
27-11-2023 16:10,1,20,40,74,1
27-11-2023 16:11,3,49,52,63,1
27-11-2023 16:12,2,21,45,59,0
27-11-2023 16:13,3,41,44,86,0
27-11-2023 16:14,2,29,66,83,1
27-11-2023 16:15,3,36,44,66,0
27-11-2023 16:16,2,42,52,66,1
27-11-2023 16:17,2,48,55,54,0
27-11-2023 16:18,3,33,43,65,1
27-11-2023 16:19,1,24,45,65,1
27-11-2023 16:20,2,20,56,73,0
27-11-2023 16:21,2,29,50,59,1
27-11-2023 16:22,3,40,45,60,1
27-11-2023 16:23,1,32,52,82,0
27-11-2023 16:24,2,24,61,64,0
27-11-2023 16:25,1,20,50,80,1
27-11-2023 16:26,2,23,68,78,0
27-11-2023 16:27,2,26,55,84,1
27-11-2023 16:28,2,30,53,65,0
27-11-2023 16:29,3,26,69,86,1
27-11-2023 16:30,1,40,68,80,0
27-11-2023 16:31,1,45,53,80,1
27-11-2023 16:32,1,21,40,85,0
27-11-2023 16:33,2,48,66,85,0
27-11-2023 16:34,1,48,42,81,1
27-11-2023 16:35,2,24,46,78,1
27-11-2023 16:36,2,19,43,85,1
27-11-2023 16:37,3,25,70,54,0
27-11-2023 16:38,3,44,39,55,1
27-11-2023 16:39,3,25,61,55,1
27-11-2023 16:40,2,26,69,74,0
27-11-2023 16:41,3,43,67,86,1
27-11-2023 16:42,3,44,58,62,1
27-11-2023 16:43,2,45,44,65,1
27-11-2023 16:44,2,28,65,82,1
27-11-2023 16:45,2,41,47,67,1
27-11-2023 16:46,2,36,45,53,0
27-11-2023 16:47,2,41,40,58,0
27-11-2023 16:48,3,42,45,84,1
27-11-2023 16:49,3,19,70,64,1
27-11-2023 16:50,2,28,53,87,1
27-11-2023 16:51,2,45,42,71,0
27-11-2023 16:52,3,45,48,72,1
27-11-2023 16:53,3,36,53,63,1
27-11-2023 16:54,1,29,58,74,0
27-11-2023 16:55,3,25,56,82,0
27-11-2023 16:56,2,32,67,82,1
27-11-2023 16:57,3,34,42,56,1
27-11-2023 16:58,3,30,38,62,1
27-11-2023 16:59,1,49,55,69,1
27-11-2023 17:00,2,38,42,56,1
27-11-2023 17:01,3,34,44,72,0
27-11-2023 17:02,2,24,48,71,1
27-11-2023 17:03,1,25,60,78,0
27-11-2023 17:04,2,42,52,75,0
27-11-2023 17:05,1,20,58,75,1
27-11-2023 17:06,1,44,43,77,1
27-11-2023 17:07,3,35,39,67,1
27-11-2023 17:08,1,30,64,64,0
27-11-2023 17:09,1,39,64,53,1
27-11-2023 17:10,3,39,54,69,0
27-11-2023 17:11,1,29,60,61,1
27-11-2023 17:12,1,30,63,62,1
27-11-2023 17:13,1,44,48,61,0
27-11-2023 17:14,2,36,42,73,1
27-11-2023 17:15,1,24,69,81,0
27-11-2023 17:16,2,44,53,72,1
27-11-2023 17:17,2,21,48,75,1
27-11-2023 17:18,3,32,66,68,0
27-11-2023 17:19,3,24,49,65,0
27-11-2023 17:20,1,32,55,55,1
27-11-2023 17:21,2,43,56,71,1
27-11-2023 17:22,3,26,54,60,1
27-11-2023 17:23,3,25,56,72,0
27-11-2023 17:24,2,31,48,80,1
27-11-2023 17:25,2,43,56,70,0
27-11-2023 17:26,1,19,58,62,1
27-11-2023 17:27,3,46,67,76,0
27-11-2023 17:28,3,38,47,58,0
27-11-2023 17:29,2,45,39,61,0
27-11-2023 17:30,3,43,62,81,1
27-11-2023 17:31,2,44,51,74,1
27-11-2023 17:32,3,38,41,63,0
27-11-2023 17:33,2,34,63,55,1
27-11-2023 17:34,1,36,52,74,0
27-11-2023 17:35,1,26,49,84,0
27-11-2023 17:36,3,44,43,80,1
27-11-2023 17:37,2,23,66,70,0
27-11-2023 17:38,3,32,45,59,1
27-11-2023 17:39,2,32,70,68,1
27-11-2023 17:40,1,48,59,59,0
27-11-2023 17:41,1,29,70,64,0
27-11-2023 17:42,2,46,49,80,0
27-11-2023 17:43,3,32,64,74,0
27-11-2023 17:44,3,41,53,87,0
27-11-2023 17:45,1,24,62,82,0
27-11-2023 17:46,3,34,42,71,1
27-11-2023 17:47,1,26,51,57,0
27-11-2023 17:48,3,34,41,65,1
27-11-2023 17:49,3,24,61,74,1
27-11-2023 17:50,1,47,61,68,1
27-11-2023 17:51,3,41,59,59,1
27-11-2023 17:52,2,29,62,73,0
27-11-2023 17:53,1,30,49,77,0
27-11-2023 17:54,1,36,44,82,0
27-11-2023 17:55,3,23,43,85,0
27-11-2023 17:56,3,39,68,79,0
27-11-2023 17:57,1,21,48,76,0
27-11-2023 17:58,2,36,48,77,0
27-11-2023 17:59,3,25,58,71,1
27-11-2023 18:00,3,38,63,87,1
27-11-2023 18:01,3,43,56,62,1
27-11-2023 18:02,1,23,40,81,0
27-11-2023 18:03,2,25,65,75,1
27-11-2023 18:04,2,39,53,83,0
27-11-2023 18:05,2,30,62,87,0
27-11-2023 18:06,1,46,55,79,0
27-11-2023 18:07,2,39,56,63,1
27-11-2023 18:08,3,38,39,60,0
27-11-2023 18:09,1,29,59,66,1
27-11-2023 18:10,1,40,70,58,1
27-11-2023 18:11,3,29,46,70,1
27-11-2023 18:12,1,27,65,65,0
27-11-2023 18:13,1,43,38,61,1
27-11-2023 18:14,1,41,54,61,0
27-11-2023 18:15,1,48,64,61,0
27-11-2023 18:16,3,35,51,79,1
27-11-2023 18:17,1,24,61,81,0
27-11-2023 18:18,3,30,52,68,0
27-11-2023 18:19,3,32,54,67,0
27-11-2023 18:20,3,35,67,82,0
27-11-2023 18:21,2,20,38,83,1
27-11-2023 18:22,1,34,61,85,0
27-11-2023 18:23,1,49,48,56,1
27-11-2023 18:24,2,40,63,85,1
27-11-2023 18:25,2,20,45,59,1
27-11-2023 18:26,2,45,51,73,0
27-11-2023 18:27,3,24,59,56,1
27-11-2023 18:28,2,41,38,82,1
27-11-2023 18:29,1,37,41,85,1
27-11-2023 18:30,1,37,43,63,1
27-11-2023 18:31,2,21,48,54,0
27-11-2023 18:32,3,47,61,60,0
27-11-2023 18:33,2,26,53,78,0
27-11-2023 18:34,1,35,53,67,1
27-11-2023 18:35,1,47,58,71,0
27-11-2023 18:36,2,41,49,86,1
27-11-2023 18:37,3,44,51,84,1
27-11-2023 18:38,2,22,41,86,0
27-11-2023 18:39,3,48,42,74,0
27-11-2023 18:40,1,26,61,58,0
27-11-2023 18:41,1,29,67,83,0
27-11-2023 18:42,3,40,62,54,0
27-11-2023 18:43,1,28,57,71,1
27-11-2023 18:44,3,45,42,74,1
27-11-2023 18:45,3,43,57,80,0
27-11-2023 18:46,2,23,46,76,1
27-11-2023 18:47,1,41,43,62,0
27-11-2023 18:48,3,20,40,57,0
27-11-2023 18:49,3,48,67,58,1
27-11-2023 18:50,1,27,56,65,1
27-11-2023 18:51,2,32,39,75,0
27-11-2023 18:52,3,47,45,74,1
27-11-2023 18:53,1,44,57,66,0
27-11-2023 18:54,1,49,47,83,1
27-11-2023 18:55,3,45,56,54,0
27-11-2023 18:56,2,37,57,64,1
27-11-2023 18:57,2,46,62,83,0
27-11-2023 18:58,2,28,39,64,1
27-11-2023 18:59,3,28,63,53,1
27-11-2023 19:00,2,47,57,81,1
27-11-2023 19:01,1,22,38,78,1
27-11-2023 19:02,3,21,44,53,1
27-11-2023 19:03,3,42,46,85,0
27-11-2023 19:04,2,49,69,79,0
27-11-2023 19:05,2,36,67,82,1
27-11-2023 19:06,2,34,44,69,1
27-11-2023 19:07,2,22,62,67,1
27-11-2023 19:08,1,27,68,60,0
27-11-2023 19:09,1,47,51,56,1
27-11-2023 19:10,2,21,69,62,0
27-11-2023 19:11,1,22,68,86,1
27-11-2023 19:12,2,48,50,68,1
27-11-2023 19:13,2,47,69,59,0
27-11-2023 19:14,2,35,61,58,1
27-11-2023 19:15,2,21,55,58,0
27-11-2023 19:16,1,24,56,58,1
27-11-2023 19:17,3,42,59,71,1
27-11-2023 19:18,1,49,47,54,0
27-11-2023 19:19,2,40,70,66,0
27-11-2023 19:20,3,40,68,80,1
27-11-2023 19:21,3,28,48,82,0
27-11-2023 19:22,1,25,61,67,0
27-11-2023 19:23,3,28,40,56,0
27-11-2023 19:24,1,42,69,61,1
27-11-2023 19:25,1,30,67,78,1
27-11-2023 19:26,3,26,39,83,0
27-11-2023 19:27,2,22,41,65,0
27-11-2023 19:28,1,38,59,81,1
27-11-2023 19:29,2,36,55,62,0
27-11-2023 19:30,2,24,43,64,1
27-11-2023 19:31,2,26,56,87,0
27-11-2023 19:32,1,26,51,69,0
27-11-2023 19:33,2,35,66,70,1
27-11-2023 19:34,1,49,53,59,0
27-11-2023 19:35,2,32,57,83,0
27-11-2023 19:36,1,45,48,58,0
27-11-2023 19:37,3,47,60,60,1
27-11-2023 19:38,1,48,42,62,0
27-11-2023 19:39,2,20,48,71,1
27-11-2023 19:40,3,23,64,78,0
27-11-2023 19:41,2,26,38,76,1
27-11-2023 19:42,2,26,46,67,1
27-11-2023 19:43,3,25,56,69,0
27-11-2023 19:44,1,32,66,66,1
27-11-2023 19:45,3,27,66,66,0
27-11-2023 19:46,1,39,53,59,1
27-11-2023 19:47,2,48,41,56,1
27-11-2023 19:48,3,26,69,57,0
27-11-2023 19:49,3,19,43,72,1
27-11-2023 19:50,3,28,46,60,0
27-11-2023 19:51,3,27,52,74,0
27-11-2023 19:52,3,29,64,79,1
27-11-2023 19:53,2,31,68,87,0
27-11-2023 19:54,2,30,47,79,1
27-11-2023 19:55,3,48,67,77,1
27-11-2023 19:56,2,39,70,76,0
27-11-2023 19:57,2,34,49,83,1
27-11-2023 19:58,3,32,48,85,0
27-11-2023 19:59,1,35,45,79,0
27-11-2023 20:00,1,45,47,78,1
27-11-2023 20:01,3,49,65,78,1
27-11-2023 20:02,3,34,49,79,1
27-11-2023 20:03,1,36,57,80,0
27-11-2023 20:04,1,49,39,82,1
27-11-2023 20:05,2,45,55,84,0
27-11-2023 20:06,2,33,54,75,1
27-11-2023 20:07,3,37,66,73,1
27-11-2023 20:08,1,21,46,77,0
27-11-2023 20:09,2,48,50,87,0
27-11-2023 20:10,1,27,70,78,0
27-11-2023 20:11,3,31,43,72,1
27-11-2023 20:12,3,30,59,73,0
27-11-2023 20:13,3,45,50,58,0
27-11-2023 20:14,3,48,63,71,0
27-11-2023 20:15,3,36,55,64,0
27-11-2023 20:16,2,35,61,67,1
27-11-2023 20:17,2,22,64,86,0
27-11-2023 20:18,2,39,62,73,1
27-11-2023 20:19,2,23,57,67,0
27-11-2023 20:20,3,48,62,57,1
27-11-2023 20:21,3,41,42,85,1
27-11-2023 20:22,2,44,51,64,0
27-11-2023 20:23,1,35,52,75,1
27-11-2023 20:24,2,30,66,76,0
27-11-2023 20:25,1,39,52,67,0
27-11-2023 20:26,3,29,62,72,0
27-11-2023 20:27,1,36,57,66,0
27-11-2023 20:28,3,27,66,76,0
27-11-2023 20:29,3,42,42,54,0
27-11-2023 20:30,3,20,45,62,0
27-11-2023 20:31,3,34,46,84,1
27-11-2023 20:32,1,19,38,53,1
27-11-2023 20:33,3,25,54,59,1
27-11-2023 20:34,3,34,43,83,1
27-11-2023 20:35,1,31,47,84,1
27-11-2023 20:36,3,49,64,68,1
27-11-2023 20:37,1,20,57,86,0
27-11-2023 20:38,2,48,58,71,1
27-11-2023 20:39,1,20,38,58,1
27-11-2023 20:40,2,32,39,76,1
27-11-2023 20:41,1,42,51,56,0
27-11-2023 20:42,1,35,49,78,0
27-11-2023 20:43,2,41,66,75,1
27-11-2023 20:44,2,48,48,65,1
27-11-2023 20:45,2,32,52,68,1
27-11-2023 20:46,2,31,42,84,1
27-11-2023 20:47,1,39,43,70,1
27-11-2023 20:48,2,48,44,74,0
27-11-2023 20:49,1,20,69,69,0
27-11-2023 20:50,1,34,48,81,1
27-11-2023 20:51,3,36,47,70,0
27-11-2023 20:52,1,26,57,61,1
27-11-2023 20:53,2,22,45,62,0
27-11-2023 20:54,1,22,58,64,0
27-11-2023 20:55,3,41,48,80,1
27-11-2023 20:56,1,23,56,85,0
27-11-2023 20:57,2,32,53,67,1
27-11-2023 20:58,1,30,50,74,1
27-11-2023 20:59,2,23,53,80,1
27-11-2023 21:00,2,33,64,78,1
27-11-2023 21:01,1,33,70,84,1
27-11-2023 21:02,2,20,58,76,1
27-11-2023 21:03,1,23,62,63,1
27-11-2023 21:04,1,35,70,74,0
27-11-2023 21:05,2,37,52,75,1
27-11-2023 21:06,3,44,60,58,0
27-11-2023 21:07,3,47,61,76,1
27-11-2023 21:08,1,48,51,76,0
27-11-2023 21:09,2,24,65,85,1
27-11-2023 21:10,3,33,69,87,0
27-11-2023 21:11,3,46,53,54,0
27-11-2023 21:12,2,35,41,67,1
27-11-2023 21:13,2,41,40,66,1
27-11-2023 21:14,2,28,69,80,0
27-11-2023 21:15,2,19,66,60,1
27-11-2023 21:16,3,23,60,76,0
27-11-2023 21:17,3,26,66,74,1
27-11-2023 21:18,2,43,69,85,1
27-11-2023 21:19,1,31,48,70,0
27-11-2023 21:20,1,39,54,82,0
27-11-2023 21:21,3,37,60,69,1
27-11-2023 21:22,1,19,67,60,1
27-11-2023 21:23,3,25,58,65,1
27-11-2023 21:24,2,37,40,69,0
27-11-2023 21:25,1,31,57,64,1
27-11-2023 21:26,1,37,69,56,1
27-11-2023 21:27,1,30,41,53,1
27-11-2023 21:28,3,36,51,56,1
27-11-2023 21:29,1,29,51,60,1
27-11-2023 21:30,1,40,57,60,1
27-11-2023 21:31,3,49,70,73,1
27-11-2023 21:32,2,39,55,72,0
27-11-2023 21:33,1,33,43,82,0
27-11-2023 21:34,1,34,48,76,0
27-11-2023 21:35,2,43,42,64,0
27-11-2023 21:36,3,31,65,64,1
27-11-2023 21:37,3,40,50,63,1
27-11-2023 21:38,2,40,69,55,1
27-11-2023 21:39,1,33,38,55,1
27-11-2023 21:40,3,34,63,78,0
27-11-2023 21:41,1,44,57,55,1
27-11-2023 21:42,2,29,47,79,1
27-11-2023 21:43,1,27,39,81,0
27-11-2023 21:44,3,26,48,53,1
27-11-2023 21:45,3,23,53,75,0
27-11-2023 21:46,2,43,61,69,0
27-11-2023 21:47,1,37,46,70,0
27-11-2023 21:48,1,31,49,65,1
27-11-2023 21:49,1,28,57,72,0
27-11-2023 21:50,1,38,67,81,1
27-11-2023 21:51,2,28,69,80,1
27-11-2023 21:52,1,25,60,76,0
27-11-2023 21:53,3,24,48,69,1
27-11-2023 21:54,2,40,57,70,0
27-11-2023 21:55,2,31,63,81,1
27-11-2023 21:56,2,34,66,63,0
27-11-2023 21:57,1,37,40,87,1
27-11-2023 21:58,1,24,62,69,0
27-11-2023 21:59,1,42,69,61,0
27-11-2023 22:00,1,23,52,64,1
27-11-2023 22:01,1,25,40,69,0
27-11-2023 22:02,3,30,60,65,0
27-11-2023 22:03,3,29,48,54,0
27-11-2023 22:04,2,23,65,72,0
27-11-2023 22:05,1,36,38,65,0
27-11-2023 22:06,3,26,65,72,0
27-11-2023 22:07,3,47,65,84,1
27-11-2023 22:08,3,49,48,63,1
27-11-2023 22:09,3,43,64,56,1
27-11-2023 22:10,3,40,65,66,0
27-11-2023 22:11,1,35,64,68,1
27-11-2023 22:12,2,45,48,53,1
27-11-2023 22:13,1,19,61,59,0
27-11-2023 22:14,3,33,53,63,0
27-11-2023 22:15,1,31,67,69,0
27-11-2023 22:16,3,21,67,54,0
27-11-2023 22:17,1,21,51,76,1
27-11-2023 22:18,1,40,53,56,0
27-11-2023 22:19,3,44,46,76,0
27-11-2023 22:20,2,22,58,72,0
27-11-2023 22:21,2,21,64,76,1
27-11-2023 22:22,3,33,54,85,0
27-11-2023 22:23,2,34,65,55,1
27-11-2023 22:24,1,20,52,66,1
27-11-2023 22:25,3,45,49,77,0
27-11-2023 22:26,1,47,54,77,0
27-11-2023 22:27,2,33,70,53,0
27-11-2023 22:28,1,32,42,75,1
27-11-2023 22:29,2,44,40,81,0
27-11-2023 22:30,3,38,68,67,1
27-11-2023 22:31,2,42,38,65,1
27-11-2023 22:32,3,34,39,87,0
27-11-2023 22:33,1,47,68,64,0
27-11-2023 22:34,2,37,48,81,1
27-11-2023 22:35,1,25,43,76,1
27-11-2023 22:36,1,35,63,80,0
27-11-2023 22:37,2,44,61,75,1
27-11-2023 22:38,1,21,38,79,1
27-11-2023 22:39,1,31,64,75,1
27-11-2023 22:40,1,24,61,56,0
27-11-2023 22:41,3,38,54,75,0
27-11-2023 22:42,1,26,52,70,0
27-11-2023 22:43,3,30,60,61,0
27-11-2023 22:44,3,37,56,54,0
27-11-2023 22:45,2,23,67,58,1
27-11-2023 22:46,3,40,64,80,0
27-11-2023 22:47,3,22,65,83,0
27-11-2023 22:48,1,49,67,79,1
27-11-2023 22:49,3,27,53,83,0
27-11-2023 22:50,1,46,60,83,1
27-11-2023 22:51,1,36,50,66,0
27-11-2023 22:52,1,28,52,60,1
27-11-2023 22:53,1,22,52,69,0
27-11-2023 22:54,2,30,46,63,1
27-11-2023 22:55,3,40,52,64,0
27-11-2023 22:56,3,21,48,70,1
27-11-2023 22:57,3,26,63,68,1
27-11-2023 22:58,1,20,64,79,1
27-11-2023 22:59,2,49,41,84,0
27-11-2023 23:00,2,45,54,78,0
27-11-2023 23:01,2,41,41,68,1
27-11-2023 23:02,3,49,51,58,0
27-11-2023 23:03,3,49,44,72,0
27-11-2023 23:04,1,38,66,70,1
27-11-2023 23:05,3,31,70,63,0
27-11-2023 23:06,2,49,60,57,0
27-11-2023 23:07,2,35,62,85,0
27-11-2023 23:08,2,49,60,87,1
27-11-2023 23:09,2,43,50,78,0
27-11-2023 23:10,1,49,68,74,1
27-11-2023 23:11,1,19,69,73,1
27-11-2023 23:12,1,40,41,65,1
27-11-2023 23:13,3,28,47,84,1
27-11-2023 23:14,2,45,55,79,1
27-11-2023 23:15,3,19,65,68,1
27-11-2023 23:16,1,46,66,67,1
27-11-2023 23:17,3,41,54,66,0
27-11-2023 23:18,1,28,44,62,1
27-11-2023 23:19,3,35,61,71,1
27-11-2023 23:20,3,38,45,76,0
27-11-2023 23:21,1,24,40,70,0
27-11-2023 23:22,1,42,60,80,0
27-11-2023 23:23,1,20,43,66,1
27-11-2023 23:24,3,28,48,82,0
27-11-2023 23:25,3,28,63,59,1
27-11-2023 23:26,1,30,57,84,0
27-11-2023 23:27,2,26,42,66,0
27-11-2023 23:28,1,22,50,55,0
27-11-2023 23:29,3,30,52,68,1
27-11-2023 23:30,3,20,66,60,0
27-11-2023 23:31,3,23,61,62,0
27-11-2023 23:32,2,23,49,66,0
27-11-2023 23:33,3,24,63,79,1
27-11-2023 23:34,2,36,63,64,0
27-11-2023 23:35,1,24,43,64,0
27-11-2023 23:36,1,41,53,55,0
27-11-2023 23:37,3,45,50,83,1
27-11-2023 23:38,2,29,65,57,1
27-11-2023 23:39,2,41,56,60,1
27-11-2023 23:40,2,39,64,69,0
27-11-2023 23:41,2,27,65,65,1
27-11-2023 23:42,1,31,39,60,1
27-11-2023 23:43,1,20,66,76,1
27-11-2023 23:44,3,23,60,64,0
27-11-2023 23:45,3,37,65,69,0
27-11-2023 23:46,1,48,49,58,0
27-11-2023 23:47,3,30,45,60,1
27-11-2023 23:48,2,46,40,59,1
27-11-2023 23:49,2,25,42,87,1
27-11-2023 23:50,2,37,42,64,0
27-11-2023 23:51,3,20,46,77,0
27-11-2023 23:52,3,30,58,58,1
27-11-2023 23:53,3,25,54,74,0
27-11-2023 23:54,1,28,55,77,1
27-11-2023 23:55,3,40,68,59,1
27-11-2023 23:56,1,35,43,73,1
27-11-2023 23:57,1,38,46,73,1
27-11-2023 23:58,1,44,49,59,0
27-11-2023 23:59,1,43,38,79,1
28-11-2023 00:00,1,36,43,66,1
28-11-2023 00:01,1,21,43,72,1
28-11-2023 00:02,3,46,38,76,1
28-11-2023 00:03,3,28,70,84,1
28-11-2023 00:04,2,49,43,64,1
28-11-2023 00:05,1,20,63,62,0
28-11-2023 00:06,1,29,48,80,0
28-11-2023 00:07,1,40,64,56,0
28-11-2023 00:08,3,46,45,58,1
28-11-2023 00:09,3,25,62,80,1
28-11-2023 00:10,2,41,42,65,0
28-11-2023 00:11,1,45,64,58,0
28-11-2023 00:12,2,27,43,78,1
28-11-2023 00:13,3,31,69,79,1
28-11-2023 00:14,1,22,38,61,0
28-11-2023 00:15,1,41,61,75,1
28-11-2023 00:16,1,34,53,80,1
28-11-2023 00:17,1,19,66,80,0
28-11-2023 00:18,1,32,50,64,0
28-11-2023 00:19,1,23,58,63,1
28-11-2023 00:20,3,25,60,73,1
28-11-2023 00:21,2,37,67,73,0
28-11-2023 00:22,1,27,42,57,1
28-11-2023 00:23,2,38,51,58,1
28-11-2023 00:24,1,33,52,63,0
28-11-2023 00:25,1,38,53,67,1
28-11-2023 00:26,3,22,44,69,1
28-11-2023 00:27,3,42,45,68,0
28-11-2023 00:28,3,45,68,69,0
28-11-2023 00:29,2,24,59,64,0
28-11-2023 00:30,2,35,70,54,0
28-11-2023 00:31,2,23,57,80,1
28-11-2023 00:32,1,31,67,54,0
28-11-2023 00:33,1,21,43,85,0
28-11-2023 00:34,2,31,69,67,1
28-11-2023 00:35,1,38,65,70,0
28-11-2023 00:36,1,26,50,62,0
28-11-2023 00:37,2,45,60,80,1
28-11-2023 00:38,3,45,46,68,1
28-11-2023 00:39,2,47,50,70,1
28-11-2023 00:40,1,42,53,75,0
28-11-2023 00:41,1,27,70,85,1
28-11-2023 00:42,2,36,42,83,0
28-11-2023 00:43,1,26,67,68,0
28-11-2023 00:44,1,40,48,77,1
28-11-2023 00:45,1,21,43,85,1
28-11-2023 00:46,2,47,55,56,1
28-11-2023 00:47,2,33,44,58,1
28-11-2023 00:48,3,46,64,57,1
28-11-2023 00:49,3,33,42,75,1
28-11-2023 00:50,3,21,41,57,1
28-11-2023 00:51,1,48,54,53,1
28-11-2023 00:52,2,23,41,64,1
28-11-2023 00:53,3,31,57,66,1
28-11-2023 00:54,2,44,50,83,0
28-11-2023 00:55,1,45,55,65,1
28-11-2023 00:56,3,31,39,54,0
28-11-2023 00:57,3,31,60,69,1
28-11-2023 00:58,3,39,44,59,1
28-11-2023 00:59,2,39,66,87,0
28-11-2023 01:00,2,47,58,65,1
28-11-2023 01:01,2,27,41,67,1
28-11-2023 01:02,2,34,61,57,1
28-11-2023 01:03,1,31,45,80,1
28-11-2023 01:04,3,43,38,67,1
28-11-2023 01:05,1,31,52,75,1
28-11-2023 01:06,1,47,56,85,1
28-11-2023 01:07,1,47,42,60,1
28-11-2023 01:08,1,21,70,84,1
28-11-2023 01:09,1,39,67,62,0
28-11-2023 01:10,3,25,48,67,0
28-11-2023 01:11,2,20,65,54,1
28-11-2023 01:12,2,45,49,75,1
28-11-2023 01:13,3,47,49,69,1
28-11-2023 01:14,3,38,44,69,0
28-11-2023 01:15,1,43,42,79,1
28-11-2023 01:16,1,42,63,73,1
28-11-2023 01:17,1,44,60,70,1
28-11-2023 01:18,3,45,69,73,0
28-11-2023 01:19,1,22,54,53,0
28-11-2023 01:20,2,25,39,61,1
28-11-2023 01:21,3,42,49,73,0
28-11-2023 01:22,3,38,41,68,1
28-11-2023 01:23,3,20,69,73,1
28-11-2023 01:24,1,31,58,70,0
28-11-2023 01:25,2,21,62,74,1
28-11-2023 01:26,3,31,65,60,0
28-11-2023 01:27,2,33,58,69,1
28-11-2023 01:28,3,47,53,58,0
28-11-2023 01:29,1,26,69,60,1
28-11-2023 01:30,1,40,70,55,1
28-11-2023 01:31,3,23,51,65,1
28-11-2023 01:32,2,30,51,74,1
28-11-2023 01:33,3,38,61,64,1
28-11-2023 01:34,2,44,53,64,1
28-11-2023 01:35,2,39,68,58,0
28-11-2023 01:36,1,36,63,56,0
28-11-2023 01:37,3,32,53,55,0
28-11-2023 01:38,2,33,65,57,1
28-11-2023 01:39,2,34,45,68,0
28-11-2023 01:40,1,48,61,79,0
28-11-2023 01:41,3,25,38,77,0
28-11-2023 01:42,2,33,52,76,0
28-11-2023 01:43,3,46,55,79,1
28-11-2023 01:44,1,41,38,82,1
28-11-2023 01:45,3,48,67,54,0
28-11-2023 01:46,1,47,56,82,1
28-11-2023 01:47,3,40,38,68,1
28-11-2023 01:48,2,46,70,67,0
28-11-2023 01:49,2,24,51,73,1
28-11-2023 01:50,2,21,43,70,0
28-11-2023 01:51,3,20,41,81,1
28-11-2023 01:52,2,32,47,54,0
28-11-2023 01:53,3,37,67,63,1
28-11-2023 01:54,2,34,54,57,0
28-11-2023 01:55,2,42,51,78,1
28-11-2023 01:56,1,24,60,64,1
28-11-2023 01:57,2,25,69,87,0
28-11-2023 01:58,2,19,38,81,0
28-11-2023 01:59,1,47,38,57,1
28-11-2023 02:00,3,23,41,54,1
28-11-2023 02:01,1,21,55,72,1
28-11-2023 02:02,2,32,43,77,0
28-11-2023 02:03,2,23,69,58,0
28-11-2023 02:04,1,40,41,77,0
28-11-2023 02:05,2,43,51,75,0
28-11-2023 02:06,1,49,41,69,1
28-11-2023 02:07,2,23,42,76,1
28-11-2023 02:08,1,31,48,77,1
28-11-2023 02:09,2,31,63,87,1
28-11-2023 02:10,3,40,51,78,1
28-11-2023 02:11,2,24,70,69,0
28-11-2023 02:12,3,30,51,80,0
28-11-2023 02:13,2,23,43,57,0
28-11-2023 02:14,3,37,50,54,0
28-11-2023 02:15,2,26,65,62,0
28-11-2023 02:16,1,23,50,56,1
28-11-2023 02:17,3,34,40,63,0
28-11-2023 02:18,2,24,67,60,0
28-11-2023 02:19,1,40,62,83,1
28-11-2023 02:20,2,28,49,57,1
28-11-2023 02:21,3,32,62,53,0
28-11-2023 02:22,1,43,48,81,1
28-11-2023 02:23,2,23,65,74,1
28-11-2023 02:24,2,27,53,60,0
28-11-2023 02:25,1,46,61,58,0
28-11-2023 02:26,1,27,62,78,1
28-11-2023 02:27,3,36,63,53,1
28-11-2023 02:28,2,35,66,70,1
28-11-2023 02:29,2,23,43,85,0
28-11-2023 02:30,2,40,70,75,1
28-11-2023 02:31,1,24,63,55,1
28-11-2023 02:32,2,49,51,79,0
28-11-2023 02:33,3,32,66,58,0
28-11-2023 02:34,2,44,62,78,1
28-11-2023 02:35,1,45,54,61,0
28-11-2023 02:36,2,43,55,67,1
28-11-2023 02:37,3,33,46,85,1
28-11-2023 02:38,1,41,67,84,0
28-11-2023 02:39,1,28,60,57,1
28-11-2023 02:40,3,38,53,54,0
28-11-2023 02:41,2,47,51,80,1
28-11-2023 02:42,1,23,64,66,0
28-11-2023 02:43,3,34,42,57,0
28-11-2023 02:44,3,23,54,62,1
28-11-2023 02:45,3,24,59,76,1
28-11-2023 02:46,3,35,48,82,0
28-11-2023 02:47,1,44,64,61,1
28-11-2023 02:48,3,21,44,68,0
28-11-2023 02:49,2,23,66,59,1
28-11-2023 02:50,1,35,66,82,0
28-11-2023 02:51,2,35,65,67,0
28-11-2023 02:52,2,42,41,85,0
28-11-2023 02:53,3,22,49,86,0
28-11-2023 02:54,3,45,54,77,1
28-11-2023 02:55,1,36,44,69,1
28-11-2023 02:56,3,46,44,66,1
28-11-2023 02:57,2,25,38,83,0
28-11-2023 02:58,1,24,38,60,1
28-11-2023 02:59,1,30,38,73,1
28-11-2023 03:00,1,23,60,83,0
28-11-2023 03:01,3,38,46,69,1
28-11-2023 03:02,2,29,61,76,0
28-11-2023 03:03,3,36,46,78,0
28-11-2023 03:04,3,29,56,69,0
28-11-2023 03:05,1,46,63,80,1
28-11-2023 03:06,3,19,62,65,1
28-11-2023 03:07,1,48,48,86,1
28-11-2023 03:08,1,44,66,82,0
28-11-2023 03:09,1,31,49,62,1
28-11-2023 03:10,1,23,44,85,0
28-11-2023 03:11,1,30,43,78,1
28-11-2023 03:12,1,41,50,53,1
28-11-2023 03:13,1,27,38,70,1
28-11-2023 03:14,1,40,56,83,1
28-11-2023 03:15,2,23,56,70,1
28-11-2023 03:16,2,22,49,74,0
28-11-2023 03:17,3,27,69,76,1
28-11-2023 03:18,3,30,40,60,1
28-11-2023 03:19,3,39,41,75,0
28-11-2023 03:20,2,47,40,74,1
28-11-2023 03:21,2,38,67,62,0
28-11-2023 03:22,1,37,44,55,1
28-11-2023 03:23,1,25,56,56,0
28-11-2023 03:24,2,23,58,87,0
28-11-2023 03:25,2,29,62,86,1
28-11-2023 03:26,3,48,48,83,1
28-11-2023 03:27,3,43,61,74,0
28-11-2023 03:28,2,42,46,54,1
28-11-2023 03:29,2,28,58,63,1
28-11-2023 03:30,2,29,53,57,1
28-11-2023 03:31,3,48,65,80,0
28-11-2023 03:32,2,40,47,59,0
28-11-2023 03:33,3,36,47,72,0
28-11-2023 03:34,2,46,39,67,1
28-11-2023 03:35,3,20,38,82,0
28-11-2023 03:36,2,44,57,56,1
28-11-2023 03:37,2,37,46,77,1
28-11-2023 03:38,1,49,67,71,1
28-11-2023 03:39,2,25,58,57,1
28-11-2023 03:40,3,29,39,79,0
28-11-2023 03:41,1,27,59,80,1
28-11-2023 03:42,2,36,64,57,0
28-11-2023 03:43,1,47,43,53,0
28-11-2023 03:44,2,48,64,61,0
28-11-2023 03:45,3,36,49,57,0
28-11-2023 03:46,3,25,46,82,1
28-11-2023 03:47,2,39,57,71,0
28-11-2023 03:48,1,23,39,56,0
28-11-2023 03:49,1,48,38,77,0
28-11-2023 03:50,3,38,39,62,1
28-11-2023 03:51,2,35,41,71,1
28-11-2023 03:52,3,30,53,68,0
28-11-2023 03:53,3,26,46,73,0
28-11-2023 03:54,1,23,39,70,1
28-11-2023 03:55,3,21,60,61,0
28-11-2023 03:56,3,42,55,74,0
28-11-2023 03:57,3,47,51,87,1
28-11-2023 03:58,2,42,42,56,1
28-11-2023 03:59,1,40,65,55,1
28-11-2023 04:00,2,27,39,83,0
28-11-2023 04:01,3,25,41,56,1
28-11-2023 04:02,3,22,45,72,0
28-11-2023 04:03,2,47,59,72,0
28-11-2023 04:04,3,44,64,70,0
28-11-2023 04:05,3,25,50,69,0
28-11-2023 04:06,3,44,38,63,1
28-11-2023 04:07,1,27,50,66,1
28-11-2023 04:08,1,46,63,65,1
28-11-2023 04:09,1,38,53,66,0
28-11-2023 04:10,1,19,53,76,1
28-11-2023 04:11,3,42,61,62,0
28-11-2023 04:12,2,46,39,74,0
28-11-2023 04:13,2,47,51,70,0
28-11-2023 04:14,3,39,45,63,0
28-11-2023 04:15,3,27,46,59,1
28-11-2023 04:16,3,34,53,59,0
28-11-2023 04:17,2,22,65,53,0
28-11-2023 04:18,1,49,55,63,0
28-11-2023 04:19,3,22,49,83,1
28-11-2023 04:20,1,35,44,73,0
28-11-2023 04:21,1,48,56,85,1
28-11-2023 04:22,3,25,57,58,1
28-11-2023 04:23,3,35,52,56,0
28-11-2023 04:24,1,29,66,68,0
28-11-2023 04:25,2,26,48,65,0
28-11-2023 04:26,3,28,54,65,0
28-11-2023 04:27,3,45,53,77,1
28-11-2023 04:28,3,40,42,75,0
28-11-2023 04:29,1,38,58,76,1
28-11-2023 04:30,1,25,57,81,0
28-11-2023 04:31,2,34,41,75,1
28-11-2023 04:32,3,22,61,74,1
28-11-2023 04:33,3,46,67,82,0
28-11-2023 04:34,3,19,52,79,1
28-11-2023 04:35,3,46,39,70,1
28-11-2023 04:36,3,31,69,76,1
28-11-2023 04:37,1,24,48,83,0
28-11-2023 04:38,2,22,67,73,0
28-11-2023 04:39,2,41,45,58,0
28-11-2023 04:40,2,21,49,80,0
28-11-2023 04:41,1,42,60,84,1
28-11-2023 04:42,3,23,69,65,1
28-11-2023 04:43,3,34,66,87,1
28-11-2023 04:44,2,43,42,73,0
28-11-2023 04:45,2,41,57,77,1
28-11-2023 04:46,2,39,51,76,1
28-11-2023 04:47,2,48,43,63,0
28-11-2023 04:48,1,37,42,71,1
28-11-2023 04:49,3,30,52,77,0
28-11-2023 04:50,3,42,56,58,1
28-11-2023 04:51,3,30,64,67,0
28-11-2023 04:52,2,43,67,84,0
28-11-2023 04:53,3,45,57,59,0
28-11-2023 04:54,3,49,42,79,0
28-11-2023 04:55,1,44,69,67,0
28-11-2023 04:56,2,38,53,73,0
28-11-2023 04:57,3,45,68,64,0
28-11-2023 04:58,1,19,47,72,1
28-11-2023 04:59,2,37,69,83,1
28-11-2023 05:00,3,40,48,84,0
28-11-2023 05:01,1,37,44,67,0
28-11-2023 05:02,1,21,55,82,0
28-11-2023 05:03,1,24,45,59,1
28-11-2023 05:04,3,37,55,54,1
28-11-2023 05:05,3,35,47,80,0
28-11-2023 05:06,3,33,49,79,1
28-11-2023 05:07,3,44,40,61,0
28-11-2023 05:08,2,32,66,74,0
28-11-2023 05:09,1,44,60,87,1
28-11-2023 05:10,3,49,57,76,0
28-11-2023 05:11,2,29,49,68,0
28-11-2023 05:12,3,29,44,61,1
28-11-2023 05:13,3,46,49,63,1
28-11-2023 05:14,1,37,65,75,0
28-11-2023 05:15,1,45,53,65,1
28-11-2023 05:16,2,45,45,75,1
28-11-2023 05:17,1,37,39,73,1
28-11-2023 05:18,2,32,70,78,1
28-11-2023 05:19,1,35,41,58,1
28-11-2023 05:20,1,49,53,70,1
28-11-2023 05:21,3,30,70,86,0
28-11-2023 05:22,2,31,63,57,1
28-11-2023 05:23,1,35,51,85,0
28-11-2023 05:24,3,44,49,57,1
28-11-2023 05:25,3,21,51,86,1
28-11-2023 05:26,1,40,66,84,1
28-11-2023 05:27,2,36,48,75,0
28-11-2023 05:28,1,41,70,86,0
28-11-2023 05:29,3,29,49,77,0
28-11-2023 05:30,2,47,39,82,0
28-11-2023 05:31,1,39,52,54,1
28-11-2023 05:32,1,20,47,56,1
28-11-2023 05:33,3,24,65,55,0
28-11-2023 05:34,1,34,50,81,1
28-11-2023 05:35,3,32,69,73,1
28-11-2023 05:36,2,33,68,74,0
28-11-2023 05:37,3,27,67,60,0
28-11-2023 05:38,1,33,62,83,0
28-11-2023 05:39,3,27,67,53,0
28-11-2023 05:40,3,27,50,80,0
28-11-2023 05:41,1,24,55,82,0
28-11-2023 05:42,1,36,53,65,1
28-11-2023 05:43,2,23,53,71,1
28-11-2023 05:44,3,22,61,74,0
28-11-2023 05:45,3,30,70,87,1
28-11-2023 05:46,2,22,49,62,1
28-11-2023 05:47,1,48,47,63,0
28-11-2023 05:48,3,19,57,73,0
28-11-2023 05:49,1,33,60,83,0
28-11-2023 05:50,2,31,54,70,1
28-11-2023 05:51,1,21,57,59,1
28-11-2023 05:52,2,35,58,66,0
28-11-2023 05:53,1,35,54,77,1
28-11-2023 05:54,3,43,53,78,1
28-11-2023 05:55,3,44,67,59,1
28-11-2023 05:56,1,40,64,53,1
28-11-2023 05:57,2,29,66,82,0
28-11-2023 05:58,1,33,54,87,1
28-11-2023 05:59,1,19,60,77,1
28-11-2023 06:00,3,26,44,85,0
28-11-2023 06:01,3,49,67,64,0
28-11-2023 06:02,2,22,60,72,1
28-11-2023 06:03,2,28,68,67,1
28-11-2023 06:04,3,41,41,59,1
28-11-2023 06:05,3,19,65,62,0
28-11-2023 06:06,3,30,63,72,0
28-11-2023 06:07,2,36,63,83,0
28-11-2023 06:08,2,25,45,83,1
28-11-2023 06:09,2,30,39,70,1
28-11-2023 06:10,2,38,49,77,0
28-11-2023 06:11,3,25,45,73,1
28-11-2023 06:12,2,21,52,72,0
28-11-2023 06:13,1,23,65,54,0
28-11-2023 06:14,1,47,38,63,0
28-11-2023 06:15,1,19,47,79,0
28-11-2023 06:16,2,32,38,58,1
28-11-2023 06:17,3,19,43,53,0
28-11-2023 06:18,3,31,44,67,0
28-11-2023 06:19,1,33,68,78,1
28-11-2023 06:20,1,46,60,74,0
28-11-2023 06:21,1,19,43,58,0
28-11-2023 06:22,1,48,38,73,0
28-11-2023 06:23,2,20,56,73,0
28-11-2023 06:24,2,25,52,53,1
28-11-2023 06:25,2,45,49,85,0
28-11-2023 06:26,1,42,49,81,1
28-11-2023 06:27,1,33,70,75,1
28-11-2023 06:28,2,32,60,68,0
28-11-2023 06:29,1,20,55,87,0
28-11-2023 06:30,2,24,48,56,1
28-11-2023 06:31,3,21,66,72,0
28-11-2023 06:32,1,21,46,58,0
28-11-2023 06:33,1,26,52,85,0
28-11-2023 06:34,1,33,68,69,0
28-11-2023 06:35,2,31,38,87,1
28-11-2023 06:36,2,24,68,58,0
28-11-2023 06:37,3,25,63,65,1
28-11-2023 06:38,3,24,57,63,1
28-11-2023 06:39,1,22,57,74,0
28-11-2023 06:40,1,26,38,76,0
28-11-2023 06:41,3,44,52,84,0
28-11-2023 06:42,3,20,45,83,0
28-11-2023 06:43,2,49,49,71,1
28-11-2023 06:44,2,47,47,72,0
28-11-2023 06:45,3,41,59,59,0
28-11-2023 06:46,2,36,64,69,0
28-11-2023 06:47,3,25,47,63,1
28-11-2023 06:48,3,30,64,64,0
28-11-2023 06:49,2,19,62,59,0
28-11-2023 06:50,3,37,52,54,0
28-11-2023 06:51,2,43,40,56,0
28-11-2023 06:52,3,22,62,83,1
28-11-2023 06:53,2,49,65,71,0
28-11-2023 06:54,1,44,39,56,0
28-11-2023 06:55,1,46,59,84,0
28-11-2023 06:56,3,23,68,69,0
28-11-2023 06:57,1,47,44,59,1
28-11-2023 06:58,3,28,57,70,1
28-11-2023 06:59,3,36,68,67,0
28-11-2023 07:00,2,43,53,64,1
28-11-2023 07:01,3,37,50,62,0
28-11-2023 07:02,3,30,53,57,1
28-11-2023 07:03,3,45,42,79,0
28-11-2023 07:04,1,29,50,83,1
28-11-2023 07:05,3,48,61,80,0
28-11-2023 07:06,3,31,64,77,0
28-11-2023 07:07,2,31,46,70,0
28-11-2023 07:08,3,38,51,75,0
28-11-2023 07:09,2,36,62,85,0
28-11-2023 07:10,2,45,49,82,1
28-11-2023 07:11,3,44,39,64,1
28-11-2023 07:12,2,20,68,84,0
28-11-2023 07:13,3,21,50,66,0
28-11-2023 07:14,3,38,53,85,0
28-11-2023 07:15,2,19,62,76,1
28-11-2023 07:16,2,48,39,84,0
28-11-2023 07:17,1,36,69,86,1
28-11-2023 07:18,3,39,55,75,1
28-11-2023 07:19,2,42,66,71,0
28-11-2023 07:20,1,20,48,81,1
28-11-2023 07:21,3,31,47,53,0
28-11-2023 07:22,1,34,58,61,1
28-11-2023 07:23,3,19,43,75,1
28-11-2023 07:24,2,40,44,73,1
28-11-2023 07:25,2,42,47,59,0
28-11-2023 07:26,2,24,56,78,0
28-11-2023 07:27,1,40,49,71,1
28-11-2023 07:28,2,29,63,70,0
28-11-2023 07:29,2,22,52,65,1
28-11-2023 07:30,2,26,52,67,0
28-11-2023 07:31,2,36,56,76,0
28-11-2023 07:32,1,46,49,74,1
28-11-2023 07:33,2,41,46,53,1
28-11-2023 07:34,1,25,67,66,0
28-11-2023 07:35,2,27,56,70,1
28-11-2023 07:36,2,44,44,71,0
28-11-2023 07:37,3,42,47,54,0
28-11-2023 07:38,1,39,48,53,1
28-11-2023 07:39,1,24,52,80,0
28-11-2023 07:40,2,25,46,63,1
28-11-2023 07:41,2,36,46,62,1
28-11-2023 07:42,3,24,49,62,1
28-11-2023 07:43,3,37,56,70,1
28-11-2023 07:44,3,39,38,85,0
28-11-2023 07:45,3,47,38,54,0
28-11-2023 07:46,2,27,41,68,0
28-11-2023 07:47,1,34,44,55,1
28-11-2023 07:48,1,43,57,56,0
28-11-2023 07:49,2,21,56,75,0
28-11-2023 07:50,1,24,48,62,0
28-11-2023 07:51,1,46,63,59,1
28-11-2023 07:52,2,40,48,72,0
28-11-2023 07:53,1,24,61,79,1
28-11-2023 07:54,2,48,61,57,1
28-11-2023 07:55,3,48,66,81,0
28-11-2023 07:56,2,25,68,57,1
28-11-2023 07:57,2,25,63,83,0
28-11-2023 07:58,2,25,69,76,1
28-11-2023 07:59,2,23,70,62,1
28-11-2023 08:00,1,34,58,79,1
28-11-2023 08:01,1,36,66,66,1
28-11-2023 08:02,1,49,38,65,1
28-11-2023 08:03,3,23,62,60,1
28-11-2023 08:04,3,43,57,66,1
28-11-2023 08:05,1,35,38,55,1
28-11-2023 08:06,3,48,48,87,1
28-11-2023 08:07,3,44,62,71,1
28-11-2023 08:08,2,24,40,61,1
28-11-2023 08:09,3,33,62,56,1
28-11-2023 08:10,1,21,64,86,0
28-11-2023 08:11,2,21,45,85,0
28-11-2023 08:12,3,41,54,76,1
28-11-2023 08:13,3,49,54,68,1
28-11-2023 08:14,3,24,64,82,1
28-11-2023 08:15,2,46,39,71,0
28-11-2023 08:16,1,23,54,75,0
28-11-2023 08:17,1,45,67,86,1
28-11-2023 08:18,1,35,65,71,0
28-11-2023 08:19,3,34,69,62,1
28-11-2023 08:20,1,26,46,57,1
28-11-2023 08:21,3,47,65,82,1
28-11-2023 08:22,2,45,56,58,0
28-11-2023 08:23,1,33,55,81,1
28-11-2023 08:24,2,28,69,62,1
28-11-2023 08:25,2,41,56,84,0
28-11-2023 08:26,1,31,60,76,0
28-11-2023 08:27,3,48,62,83,1
28-11-2023 08:28,1,19,53,66,0
28-11-2023 08:29,1,34,59,83,0
28-11-2023 08:30,3,44,59,66,0
28-11-2023 08:31,1,49,54,71,1
28-11-2023 08:32,2,31,66,77,0
28-11-2023 08:33,2,40,43,64,0
28-11-2023 08:34,1,30,58,65,0
28-11-2023 08:35,2,29,54,53,0
28-11-2023 08:36,2,19,70,59,0
28-11-2023 08:37,3,37,52,85,0
28-11-2023 08:38,2,36,40,59,1
28-11-2023 08:39,2,33,67,64,0
28-11-2023 08:40,3,38,39,72,0
28-11-2023 08:41,1,27,55,70,0
28-11-2023 08:42,1,28,55,74,1
28-11-2023 08:43,2,44,50,87,1
28-11-2023 08:44,2,36,49,64,0
28-11-2023 08:45,1,25,48,81,0
28-11-2023 08:46,3,24,40,74,0
28-11-2023 08:47,1,32,42,54,0
28-11-2023 08:48,3,23,59,86,0
28-11-2023 08:49,3,44,41,64,0
28-11-2023 08:50,1,20,40,71,1
28-11-2023 08:51,3,45,55,74,0
28-11-2023 08:52,2,19,53,87,1
28-11-2023 08:53,1,34,65,73,0
28-11-2023 08:54,2,21,40,68,1
28-11-2023 08:55,1,35,70,72,1
28-11-2023 08:56,3,26,51,77,0
28-11-2023 08:57,3,25,46,87,1
28-11-2023 08:58,1,43,61,72,0
28-11-2023 08:59,1,42,41,56,1
28-11-2023 09:00,3,20,61,55,1
28-11-2023 09:01,1,40,42,62,1
28-11-2023 09:02,2,29,65,77,0
28-11-2023 09:03,3,37,68,55,0
28-11-2023 09:04,1,22,41,55,0
28-11-2023 09:05,1,36,68,75,1
28-11-2023 09:06,2,21,62,68,1
28-11-2023 09:07,2,47,68,78,1
28-11-2023 09:08,1,42,70,85,1
28-11-2023 09:09,2,24,65,55,1
28-11-2023 09:10,2,40,64,78,0
28-11-2023 09:11,1,42,41,61,0
28-11-2023 09:12,3,35,46,75,1
28-11-2023 09:13,1,44,43,59,1
28-11-2023 09:14,1,41,44,58,1
28-11-2023 09:15,1,35,39,70,1
28-11-2023 09:16,3,46,54,61,1
28-11-2023 09:17,2,22,49,80,1
28-11-2023 09:18,1,49,57,75,0
28-11-2023 09:19,2,34,53,73,1
28-11-2023 09:20,3,49,62,58,1
28-11-2023 09:21,3,42,53,78,1
28-11-2023 09:22,1,33,38,75,1
28-11-2023 09:23,2,21,54,63,0
28-11-2023 09:24,1,38,40,62,0
28-11-2023 09:25,2,26,43,70,1
28-11-2023 09:26,2,38,60,83,1
28-11-2023 09:27,1,49,59,61,1
28-11-2023 09:28,2,42,50,73,0
28-11-2023 09:29,2,34,44,63,0
28-11-2023 09:30,1,45,56,76,1
28-11-2023 09:31,1,47,60,76,1
28-11-2023 09:32,3,29,58,81,0
28-11-2023 09:33,2,47,38,87,1
28-11-2023 09:34,2,44,66,82,0
28-11-2023 09:35,3,43,38,58,1
28-11-2023 09:36,2,42,57,83,1
28-11-2023 09:37,3,46,41,64,0
28-11-2023 09:38,2,24,42,87,1
28-11-2023 09:39,3,34,67,73,1
28-11-2023 09:40,2,37,52,79,0
28-11-2023 09:41,1,20,43,85,0
28-11-2023 09:42,2,43,39,60,1
28-11-2023 09:43,1,43,66,86,1
28-11-2023 09:44,3,26,41,54,1
28-11-2023 09:45,3,39,54,67,0
28-11-2023 09:46,1,34,68,64,1
28-11-2023 09:47,3,41,53,76,0
28-11-2023 09:48,3,22,40,72,1
28-11-2023 09:49,3,45,38,58,0
28-11-2023 09:50,2,29,45,70,1
28-11-2023 09:51,2,46,56,72,0
28-11-2023 09:52,1,42,38,83,1
28-11-2023 09:53,1,40,61,60,0
28-11-2023 09:54,3,25,52,74,0
28-11-2023 09:55,2,33,46,81,1
28-11-2023 09:56,2,46,62,76,0
28-11-2023 09:57,1,48,61,53,1
28-11-2023 09:58,2,49,68,61,0
28-11-2023 09:59,2,34,50,86,1
28-11-2023 10:00,2,32,61,78,0
28-11-2023 10:01,3,38,40,63,0
28-11-2023 10:02,1,41,44,62,1
28-11-2023 10:03,2,23,46,54,0
28-11-2023 10:04,1,41,50,83,0
28-11-2023 10:05,3,21,64,56,1
28-11-2023 10:06,2,42,62,67,0
28-11-2023 10:07,2,44,55,83,0
28-11-2023 10:08,2,47,39,65,1
28-11-2023 10:09,1,27,49,55,0
28-11-2023 10:10,1,19,44,67,0
28-11-2023 10:11,3,41,46,69,1
28-11-2023 10:12,3,21,65,78,0
28-11-2023 10:13,3,35,65,82,0
28-11-2023 10:14,3,31,46,86,1
28-11-2023 10:15,1,33,51,82,0
28-11-2023 10:16,2,24,52,53,0
28-11-2023 10:17,3,42,67,82,0
28-11-2023 10:18,3,38,47,53,0
28-11-2023 10:19,2,27,59,75,1
28-11-2023 10:20,3,30,65,80,0
28-11-2023 10:21,3,43,57,71,0
28-11-2023 10:22,3,47,66,74,1
28-11-2023 10:23,3,19,65,77,0
28-11-2023 10:24,1,36,60,74,0
28-11-2023 10:25,1,37,67,61,0
28-11-2023 10:26,3,30,65,84,0
28-11-2023 10:27,1,39,56,85,0
28-11-2023 10:28,2,24,54,61,1
28-11-2023 10:29,3,38,45,66,1
28-11-2023 10:30,3,21,47,54,0
28-11-2023 10:31,2,37,61,60,1
28-11-2023 10:32,1,30,47,65,1
28-11-2023 10:33,1,24,49,84,0
28-11-2023 10:34,3,32,61,65,1
28-11-2023 10:35,1,37,66,57,1
28-11-2023 10:36,1,38,70,55,1
28-11-2023 10:37,1,19,43,65,0
28-11-2023 10:38,1,30,66,75,0
28-11-2023 10:39,2,26,67,82,0
28-11-2023 10:40,3,43,67,68,1
28-11-2023 10:41,1,21,65,75,0
28-11-2023 10:42,2,36,69,66,0
28-11-2023 10:43,2,48,59,84,0
28-11-2023 10:44,1,33,57,74,1
28-11-2023 10:45,2,45,63,60,1
28-11-2023 10:46,3,35,43,67,0
28-11-2023 10:47,2,31,55,86,0
28-11-2023 10:48,1,44,68,65,0
28-11-2023 10:49,3,42,44,78,0
28-11-2023 10:50,3,41,52,82,0
28-11-2023 10:51,3,23,58,62,1
28-11-2023 10:52,3,29,51,54,1
28-11-2023 10:53,3,33,43,71,1
28-11-2023 10:54,1,33,45,84,0
28-11-2023 10:55,2,44,63,75,0
28-11-2023 10:56,1,43,62,59,0
28-11-2023 10:57,3,23,62,79,1
28-11-2023 10:58,2,35,68,66,1
28-11-2023 10:59,2,48,68,65,1
28-11-2023 11:00,1,35,66,66,0
28-11-2023 11:01,1,21,52,79,0
28-11-2023 11:02,1,44,51,76,1
28-11-2023 11:03,2,28,40,59,1
28-11-2023 11:04,3,46,64,59,0
28-11-2023 11:05,1,22,57,75,1
28-11-2023 11:06,2,25,45,75,0
28-11-2023 11:07,3,49,58,82,0
28-11-2023 11:08,2,19,56,65,0
28-11-2023 11:09,2,24,44,78,1
28-11-2023 11:10,1,39,64,60,0
28-11-2023 11:11,2,28,46,70,1
28-11-2023 11:12,3,44,47,87,0
28-11-2023 11:13,2,39,57,55,0
28-11-2023 11:14,2,40,40,70,0
28-11-2023 11:15,3,33,59,53,0
28-11-2023 11:16,3,24,49,83,0
28-11-2023 11:17,3,49,44,86,0
28-11-2023 11:18,1,22,60,81,1
28-11-2023 11:19,2,31,39,87,1
28-11-2023 11:20,1,35,44,70,1
28-11-2023 11:21,2,23,48,57,1
28-11-2023 11:22,1,43,64,69,1
28-11-2023 11:23,1,41,70,75,1
28-11-2023 11:24,2,20,47,63,1
28-11-2023 11:25,1,24,41,67,0
28-11-2023 11:26,3,29,62,76,1
28-11-2023 11:27,2,40,42,85,0
28-11-2023 11:28,2,19,40,69,1
28-11-2023 11:29,2,44,44,85,1
28-11-2023 11:30,1,20,64,55,0
28-11-2023 11:31,3,40,70,66,1
28-11-2023 11:32,2,25,39,75,1
28-11-2023 11:33,1,19,40,74,0
28-11-2023 11:34,2,41,51,57,1
28-11-2023 11:35,3,43,40,65,1
28-11-2023 11:36,2,25,61,78,1
28-11-2023 11:37,2,35,58,75,0
28-11-2023 11:38,1,48,64,85,0
28-11-2023 11:39,1,27,58,80,0
28-11-2023 11:40,2,29,60,84,1
28-11-2023 11:41,1,42,40,79,1
28-11-2023 11:42,1,36,47,61,1
28-11-2023 11:43,3,48,47,83,1
28-11-2023 11:44,1,47,58,73,1
28-11-2023 11:45,1,38,56,60,0
28-11-2023 11:46,3,45,70,80,0
28-11-2023 11:47,1,31,61,74,0
28-11-2023 11:48,1,31,69,81,1
28-11-2023 11:49,1,31,40,70,1
28-11-2023 11:50,2,19,42,79,0
28-11-2023 11:51,2,49,60,54,1
28-11-2023 11:52,3,48,57,63,1
28-11-2023 11:53,3,21,44,76,0
28-11-2023 11:54,2,19,38,78,0
28-11-2023 11:55,1,46,66,85,1
28-11-2023 11:56,1,39,57,60,0
28-11-2023 11:57,3,49,58,56,0
28-11-2023 11:58,3,20,68,86,1
28-11-2023 11:59,3,47,67,87,0
28-11-2023 12:00,2,24,59,79,1
28-11-2023 12:01,2,44,53,83,1
28-11-2023 12:02,3,49,40,75,1
28-11-2023 12:03,3,19,68,84,0
28-11-2023 12:04,2,33,45,86,1
28-11-2023 12:05,3,28,67,69,1
28-11-2023 12:06,3,44,53,76,1
28-11-2023 12:07,2,38,70,79,0
28-11-2023 12:08,3,35,49,64,0
28-11-2023 12:09,3,23,54,87,0
28-11-2023 12:10,3,48,56,68,1
28-11-2023 12:11,3,35,57,71,1
28-11-2023 12:12,1,44,39,55,1
28-11-2023 12:13,1,43,41,63,0
28-11-2023 12:14,1,23,51,82,0
28-11-2023 12:15,3,23,57,79,0
28-11-2023 12:16,1,39,69,75,0
28-11-2023 12:17,3,43,41,71,0
28-11-2023 12:18,3,41,48,83,0
28-11-2023 12:19,1,32,56,67,1
28-11-2023 12:20,3,22,42,55,1
28-11-2023 12:21,2,32,49,71,0
28-11-2023 12:22,3,24,67,53,1
28-11-2023 12:23,2,41,68,71,0
28-11-2023 12:24,1,32,62,87,0
28-11-2023 12:25,3,37,49,74,0
28-11-2023 12:26,3,21,40,64,0
28-11-2023 12:27,2,21,44,71,0
28-11-2023 12:28,2,44,47,56,0
28-11-2023 12:29,3,22,57,82,0
28-11-2023 12:30,2,21,51,66,1
28-11-2023 12:31,1,22,66,79,1
28-11-2023 12:32,3,22,59,66,0
28-11-2023 12:33,3,35,70,53,1
28-11-2023 12:34,3,35,67,62,0
28-11-2023 12:35,3,42,59,83,0
28-11-2023 12:36,3,47,42,54,0
28-11-2023 12:37,1,37,57,82,1
28-11-2023 12:38,2,27,62,64,0
28-11-2023 12:39,3,26,45,62,0
28-11-2023 12:40,1,49,49,60,0
28-11-2023 12:41,2,37,57,57,1
28-11-2023 12:42,1,26,41,73,1
28-11-2023 12:43,2,23,51,79,1
28-11-2023 12:44,2,24,51,75,0
28-11-2023 12:45,2,29,68,76,0
28-11-2023 12:46,3,40,51,54,0
28-11-2023 12:47,2,43,40,58,1
28-11-2023 12:48,2,29,58,75,0
28-11-2023 12:49,3,26,48,70,0
28-11-2023 12:50,3,46,41,83,0
28-11-2023 12:51,1,43,58,56,0
28-11-2023 12:52,3,21,68,63,1
28-11-2023 12:53,3,37,44,82,0
28-11-2023 12:54,3,38,39,76,1
28-11-2023 12:55,3,21,46,86,1
28-11-2023 12:56,2,46,65,67,1
28-11-2023 12:57,1,21,69,57,0
28-11-2023 12:58,3,45,66,79,0
28-11-2023 12:59,2,35,68,55,0
28-11-2023 13:00,2,49,64,69,1
28-11-2023 13:01,1,36,62,87,1
28-11-2023 13:02,3,33,41,56,0
28-11-2023 13:03,3,36,50,66,0
28-11-2023 13:04,2,47,44,83,0
28-11-2023 13:05,3,38,67,84,0
28-11-2023 13:06,3,37,41,76,0
28-11-2023 13:07,2,20,50,79,1
28-11-2023 13:08,2,35,67,67,0
28-11-2023 13:09,2,38,69,68,0
28-11-2023 13:10,2,42,66,53,1
28-11-2023 13:11,1,25,61,79,1
28-11-2023 13:12,3,37,62,53,1
28-11-2023 13:13,2,37,50,60,1
28-11-2023 13:14,3,20,65,56,0
28-11-2023 13:15,2,29,39,58,0
28-11-2023 13:16,3,49,59,62,1
28-11-2023 13:17,3,28,39,83,0
28-11-2023 13:18,3,30,66,72,1
28-11-2023 13:19,2,34,56,60,0
28-11-2023 13:20,2,36,44,59,1
28-11-2023 13:21,2,35,50,69,1
28-11-2023 13:22,2,43,52,81,1
28-11-2023 13:23,2,40,56,59,0
28-11-2023 13:24,1,38,53,74,0
28-11-2023 13:25,1,30,70,58,0
28-11-2023 13:26,2,29,58,79,1
28-11-2023 13:27,2,26,61,66,1
28-11-2023 13:28,1,29,53,82,0
28-11-2023 13:29,1,20,52,66,1
28-11-2023 13:30,2,41,62,74,0
28-11-2023 13:31,2,31,39,66,1
28-11-2023 13:32,3,26,62,62,1
28-11-2023 13:33,2,29,56,71,0
28-11-2023 13:34,3,39,45,54,0
28-11-2023 13:35,1,30,43,55,0
28-11-2023 13:36,2,40,43,75,0
28-11-2023 13:37,3,28,39,57,0
28-11-2023 13:38,1,21,52,70,1
28-11-2023 13:39,2,31,60,67,0
28-11-2023 13:40,2,42,52,60,0
28-11-2023 13:41,2,19,53,82,0
28-11-2023 13:42,3,45,44,77,0
28-11-2023 13:43,3,33,44,86,1
28-11-2023 13:44,2,47,46,53,1
28-11-2023 13:45,2,44,46,79,1
28-11-2023 13:46,1,19,62,69,0
28-11-2023 13:47,3,47,66,82,1
28-11-2023 13:48,3,30,53,82,1
28-11-2023 13:49,1,20,44,75,0
28-11-2023 13:50,2,38,56,85,1
28-11-2023 13:51,3,32,70,85,1
28-11-2023 13:52,2,47,53,83,1
28-11-2023 13:53,2,44,45,76,0
28-11-2023 13:54,1,32,50,81,0
28-11-2023 13:55,3,25,45,74,0
28-11-2023 13:56,3,31,48,87,1
28-11-2023 13:57,1,27,63,56,1
28-11-2023 13:58,3,36,56,74,0
28-11-2023 13:59,3,32,49,53,1
28-11-2023 14:00,2,29,57,60,1
28-11-2023 14:01,1,42,54,59,1
28-11-2023 14:02,1,31,45,56,1
28-11-2023 14:03,1,21,39,63,0
28-11-2023 14:04,1,19,62,81,1
28-11-2023 14:05,3,27,48,71,0
28-11-2023 14:06,2,20,63,73,0
28-11-2023 14:07,1,38,54,75,1
28-11-2023 14:08,1,30,52,82,0
28-11-2023 14:09,3,22,48,62,1
28-11-2023 14:10,3,35,59,78,1
28-11-2023 14:11,3,44,45,72,0
28-11-2023 14:12,3,33,40,69,1
28-11-2023 14:13,3,30,55,67,0
28-11-2023 14:14,3,34,52,80,1
28-11-2023 14:15,2,28,43,82,1
28-11-2023 14:16,2,21,48,53,1
28-11-2023 14:17,3,40,53,87,0
28-11-2023 14:18,1,29,67,63,0
28-11-2023 14:19,1,32,56,53,0
28-11-2023 14:20,3,31,60,68,0
28-11-2023 14:21,1,43,52,72,1
28-11-2023 14:22,2,31,50,58,0
28-11-2023 14:23,1,31,46,65,1
28-11-2023 14:24,2,20,66,72,1
28-11-2023 14:25,1,31,59,72,0
28-11-2023 14:26,1,30,67,80,0
28-11-2023 14:27,2,40,43,54,1
28-11-2023 14:28,2,43,62,69,0
28-11-2023 14:29,1,48,65,82,1
28-11-2023 14:30,3,45,56,78,0
28-11-2023 14:31,1,23,70,70,0
28-11-2023 14:32,1,32,47,53,1
28-11-2023 14:33,1,19,62,60,0
28-11-2023 14:34,2,19,51,58,0
28-11-2023 14:35,2,46,40,59,1
28-11-2023 14:36,1,29,63,56,1
28-11-2023 14:37,1,41,58,85,0
28-11-2023 14:38,3,48,68,84,1
28-11-2023 14:39,1,34,69,53,1
28-11-2023 14:40,1,27,45,81,1
28-11-2023 14:41,1,33,49,83,1
28-11-2023 14:42,2,39,48,71,0
28-11-2023 14:43,1,28,59,74,1
28-11-2023 14:44,2,42,70,68,1
28-11-2023 14:45,1,35,63,73,0
28-11-2023 14:46,2,38,45,57,0
28-11-2023 14:47,1,31,58,84,0
28-11-2023 14:48,1,26,40,71,1
28-11-2023 14:49,2,29,60,70,1
28-11-2023 14:50,3,25,58,60,0
28-11-2023 14:51,1,30,68,81,0
28-11-2023 14:52,1,49,66,77,0
28-11-2023 14:53,3,32,63,84,0
28-11-2023 14:54,3,22,39,68,1
28-11-2023 14:55,3,27,60,79,0
28-11-2023 14:56,1,33,41,87,1
28-11-2023 14:57,2,24,54,73,0
28-11-2023 14:58,1,40,40,85,0
28-11-2023 14:59,3,39,46,80,1
28-11-2023 15:00,3,25,53,54,0
28-11-2023 15:01,1,23,50,69,0
28-11-2023 15:02,2,34,68,63,0
28-11-2023 15:03,3,25,54,62,0
28-11-2023 15:04,3,23,62,79,1
28-11-2023 15:05,3,22,39,62,1
28-11-2023 15:06,1,43,39,54,0
28-11-2023 15:07,3,20,58,76,0
28-11-2023 15:08,3,41,41,74,0
28-11-2023 15:09,2,31,47,87,1
28-11-2023 15:10,2,48,57,68,1
28-11-2023 15:11,3,40,51,65,1
28-11-2023 15:12,1,33,70,63,0
28-11-2023 15:13,2,25,39,72,1
28-11-2023 15:14,3,31,49,63,0
28-11-2023 15:15,2,47,67,79,1
28-11-2023 15:16,3,24,58,63,0
28-11-2023 15:17,2,19,50,69,0
28-11-2023 15:18,1,44,70,53,0
28-11-2023 15:19,2,35,62,85,0
28-11-2023 15:20,1,43,67,64,1
28-11-2023 15:21,1,46,64,75,1
28-11-2023 15:22,3,36,43,87,0
28-11-2023 15:23,1,26,46,71,1
28-11-2023 15:24,2,42,61,84,1
28-11-2023 15:25,3,24,47,79,0
28-11-2023 15:26,2,40,52,70,0
28-11-2023 15:27,1,37,49,87,0
28-11-2023 15:28,2,24,43,60,0
28-11-2023 15:29,1,40,39,87,0
28-11-2023 15:30,3,22,48,74,0
28-11-2023 15:31,1,21,69,54,0
28-11-2023 15:32,3,49,61,60,0
28-11-2023 15:33,2,27,65,53,0
28-11-2023 15:34,2,31,67,60,1
28-11-2023 15:35,2,46,38,56,1
28-11-2023 15:36,3,21,43,82,1
28-11-2023 15:37,2,26,56,79,1
28-11-2023 15:38,1,38,68,83,0
28-11-2023 15:39,2,32,60,81,0
28-11-2023 15:40,2,43,45,80,1
28-11-2023 15:41,3,23,49,56,0
28-11-2023 15:42,1,26,42,84,1
28-11-2023 15:43,1,44,41,63,1
28-11-2023 15:44,2,25,69,71,0
28-11-2023 15:45,2,39,68,69,0
28-11-2023 15:46,2,21,44,59,1
28-11-2023 15:47,3,39,60,77,1
28-11-2023 15:48,1,20,65,53,1
28-11-2023 15:49,2,29,48,82,0
28-11-2023 15:50,1,43,62,71,0
28-11-2023 15:51,1,25,55,84,0
28-11-2023 15:52,1,19,46,84,1
28-11-2023 15:53,3,45,67,81,0
28-11-2023 15:54,3,33,64,82,0
28-11-2023 15:55,3,26,46,55,0
28-11-2023 15:56,3,36,61,54,0
28-11-2023 15:57,3,41,61,54,0
28-11-2023 15:58,1,40,42,56,0
28-11-2023 15:59,1,27,65,71,1
28-11-2023 16:00,3,29,38,83,0
28-11-2023 16:01,2,48,64,75,0
28-11-2023 16:02,1,31,54,55,0
28-11-2023 16:03,3,34,62,67,1
28-11-2023 16:04,2,32,55,53,0
28-11-2023 16:05,3,23,38,75,0
28-11-2023 16:06,2,30,58,75,1
28-11-2023 16:07,1,22,57,56,1
28-11-2023 16:08,2,43,65,67,1
28-11-2023 16:09,1,31,69,71,0
28-11-2023 16:10,1,40,61,81,0
28-11-2023 16:11,1,29,66,76,1
28-11-2023 16:12,1,38,47,86,1
28-11-2023 16:13,1,25,65,78,1
28-11-2023 16:14,2,28,62,58,1
28-11-2023 16:15,3,23,56,86,0
28-11-2023 16:16,1,39,64,60,1
28-11-2023 16:17,1,44,47,81,1
28-11-2023 16:18,1,47,68,86,1
28-11-2023 16:19,2,21,49,82,1
28-11-2023 16:20,1,26,53,60,1
28-11-2023 16:21,1,33,67,80,1
28-11-2023 16:22,1,27,51,81,1
28-11-2023 16:23,2,49,64,78,0
28-11-2023 16:24,1,30,53,76,1
28-11-2023 16:25,1,40,42,81,1
28-11-2023 16:26,3,48,63,86,0
28-11-2023 16:27,1,38,40,79,1
28-11-2023 16:28,3,48,48,84,0
28-11-2023 16:29,2,34,49,63,1
28-11-2023 16:30,3,23,40,57,0
28-11-2023 16:31,1,44,46,71,1
28-11-2023 16:32,3,39,46,84,1
28-11-2023 16:33,2,43,54,72,0
28-11-2023 16:34,1,39,68,80,0
28-11-2023 16:35,2,46,59,60,1
28-11-2023 16:36,2,48,58,70,0
28-11-2023 16:37,1,32,43,85,0
28-11-2023 16:38,3,19,68,67,0
28-11-2023 16:39,1,25,45,57,0
28-11-2023 16:40,1,49,53,63,1
28-11-2023 16:41,2,27,41,68,1
28-11-2023 16:42,2,44,47,81,1
28-11-2023 16:43,1,44,64,86,0
28-11-2023 16:44,1,41,66,62,1
28-11-2023 16:45,2,30,53,54,1
28-11-2023 16:46,3,27,42,63,1
28-11-2023 16:47,3,40,65,54,1
28-11-2023 16:48,1,44,69,74,1
28-11-2023 16:49,3,23,47,79,0
28-11-2023 16:50,2,22,69,65,1
28-11-2023 16:51,2,43,64,83,1
28-11-2023 16:52,3,33,69,86,1
28-11-2023 16:53,3,42,55,80,1
28-11-2023 16:54,1,38,59,61,0
28-11-2023 16:55,3,19,53,69,0
28-11-2023 16:56,3,47,54,58,0
28-11-2023 16:57,3,43,49,82,1
28-11-2023 16:58,1,20,47,65,1
28-11-2023 16:59,3,42,50,75,1
28-11-2023 17:00,3,36,47,63,1
28-11-2023 17:01,1,33,54,82,0
28-11-2023 17:02,3,25,57,85,0
28-11-2023 17:03,3,27,55,87,0
28-11-2023 17:04,3,27,57,64,0
28-11-2023 17:05,2,43,66,82,1
28-11-2023 17:06,3,35,53,57,0
28-11-2023 17:07,3,47,43,58,1
28-11-2023 17:08,1,25,41,76,1
28-11-2023 17:09,1,34,49,62,1
28-11-2023 17:10,1,22,45,68,0
28-11-2023 17:11,2,46,42,84,0
28-11-2023 17:12,3,49,70,54,0
28-11-2023 17:13,1,34,55,60,0
28-11-2023 17:14,2,24,62,64,0
28-11-2023 17:15,3,30,42,84,1
28-11-2023 17:16,3,43,38,55,0
28-11-2023 17:17,2,36,70,54,0
28-11-2023 17:18,3,41,63,85,1
28-11-2023 17:19,2,30,68,53,1
28-11-2023 17:20,3,29,46,79,1
28-11-2023 17:21,3,48,54,55,0
28-11-2023 17:22,2,30,51,64,1
28-11-2023 17:23,3,34,62,63,1
28-11-2023 17:24,3,20,49,80,0
28-11-2023 17:25,1,37,63,56,0
28-11-2023 17:26,1,35,62,80,1
28-11-2023 17:27,2,23,55,53,0
28-11-2023 17:28,3,40,51,74,1
28-11-2023 17:29,3,22,59,70,0
28-11-2023 17:30,2,41,40,87,1
28-11-2023 17:31,2,39,51,80,1
28-11-2023 17:32,2,29,68,81,0
28-11-2023 17:33,2,21,40,84,0
28-11-2023 17:34,2,48,61,55,0
28-11-2023 17:35,1,29,49,81,1
28-11-2023 17:36,1,33,59,74,0
28-11-2023 17:37,1,41,40,61,1
28-11-2023 17:38,1,36,42,69,0
28-11-2023 17:39,2,38,46,87,0
28-11-2023 17:40,2,45,70,64,1
28-11-2023 17:41,1,43,70,69,0
28-11-2023 17:42,1,35,43,85,0
28-11-2023 17:43,2,25,53,77,1
28-11-2023 17:44,3,20,45,70,0
28-11-2023 17:45,2,46,62,67,1
28-11-2023 17:46,1,28,69,64,0
28-11-2023 17:47,2,38,70,62,1
28-11-2023 17:48,2,39,49,76,1
28-11-2023 17:49,2,47,40,55,0
28-11-2023 17:50,3,40,66,76,0
28-11-2023 17:51,3,30,43,63,0
28-11-2023 17:52,3,37,52,81,1
28-11-2023 17:53,3,33,65,57,0
28-11-2023 17:54,2,41,68,57,0
28-11-2023 17:55,1,44,48,63,1
28-11-2023 17:56,3,35,66,60,1
28-11-2023 17:57,3,39,46,87,0
28-11-2023 17:58,1,47,53,77,0
28-11-2023 17:59,1,43,40,84,0
28-11-2023 18:00,3,32,62,53,0
28-11-2023 18:01,2,41,50,87,1
28-11-2023 18:02,2,23,53,62,1
28-11-2023 18:03,1,39,40,71,0
28-11-2023 18:04,3,29,50,87,1
28-11-2023 18:05,1,39,57,87,1
28-11-2023 18:06,2,32,68,84,1
28-11-2023 18:07,1,35,68,55,0
28-11-2023 18:08,3,48,50,65,0
28-11-2023 18:09,3,35,65,55,0
28-11-2023 18:10,2,45,65,77,1
28-11-2023 18:11,2,22,57,69,1
28-11-2023 18:12,2,21,48,77,0
28-11-2023 18:13,3,28,68,82,0
28-11-2023 18:14,2,36,47,84,0
28-11-2023 18:15,2,45,44,63,0
28-11-2023 18:16,2,41,49,81,0
28-11-2023 18:17,1,25,53,54,0
28-11-2023 18:18,1,48,70,73,0
28-11-2023 18:19,2,24,56,57,1
28-11-2023 18:20,2,37,49,69,0
28-11-2023 18:21,3,35,39,67,0
28-11-2023 18:22,2,33,39,81,0
28-11-2023 18:23,3,24,69,68,0
28-11-2023 18:24,2,27,48,74,0
28-11-2023 18:25,3,45,65,68,0
28-11-2023 18:26,2,32,58,67,1
28-11-2023 18:27,1,22,49,82,0
28-11-2023 18:28,1,44,58,59,1
28-11-2023 18:29,2,49,42,56,1
28-11-2023 18:30,3,32,50,53,1
28-11-2023 18:31,3,27,39,63,0
28-11-2023 18:32,1,48,39,83,1
28-11-2023 18:33,3,24,65,57,0
28-11-2023 18:34,1,35,62,53,0
28-11-2023 18:35,2,19,40,87,1
28-11-2023 18:36,2,28,67,64,1
28-11-2023 18:37,2,32,54,74,0
28-11-2023 18:38,3,47,66,62,0
28-11-2023 18:39,3,49,64,56,0
28-11-2023 18:40,1,32,63,80,0
28-11-2023 18:41,3,48,47,75,1
28-11-2023 18:42,2,25,52,79,0
28-11-2023 18:43,3,24,45,86,0
28-11-2023 18:44,1,43,53,73,1
28-11-2023 18:45,2,40,53,85,1
28-11-2023 18:46,2,27,67,63,0
28-11-2023 18:47,1,21,51,61,0
28-11-2023 18:48,1,22,38,55,0
28-11-2023 18:49,3,48,64,71,1
28-11-2023 18:50,2,49,57,63,0
28-11-2023 18:51,3,30,54,58,1
28-11-2023 18:52,2,42,49,78,1
28-11-2023 18:53,1,20,55,75,0
28-11-2023 18:54,2,27,43,64,0
28-11-2023 18:55,3,41,55,61,0
28-11-2023 18:56,1,48,66,76,1
28-11-2023 18:57,1,46,66,82,0
28-11-2023 18:58,1,33,53,70,1
28-11-2023 18:59,3,49,55,77,0
28-11-2023 19:00,1,42,52,63,1
28-11-2023 19:01,3,39,38,72,0
28-11-2023 19:02,2,27,51,83,0
28-11-2023 19:03,3,41,59,79,0
28-11-2023 19:04,1,28,67,73,1
28-11-2023 19:05,2,24,59,83,1
28-11-2023 19:06,1,34,43,74,0
28-11-2023 19:07,2,48,56,63,0
28-11-2023 19:08,3,35,65,61,1
28-11-2023 19:09,2,23,58,58,0
28-11-2023 19:10,3,44,70,56,0
28-11-2023 19:11,3,27,46,86,1
28-11-2023 19:12,2,49,49,83,0
28-11-2023 19:13,1,49,61,60,1
28-11-2023 19:14,2,33,46,57,0
28-11-2023 19:15,2,24,56,58,0
28-11-2023 19:16,1,20,52,78,1
28-11-2023 19:17,1,31,70,72,1
28-11-2023 19:18,2,22,70,81,1
28-11-2023 19:19,1,32,69,87,1
28-11-2023 19:20,2,49,38,59,1
28-11-2023 19:21,3,29,45,84,1
28-11-2023 19:22,3,47,56,79,0
28-11-2023 19:23,3,29,66,64,0
28-11-2023 19:24,1,49,63,76,1
28-11-2023 19:25,3,41,56,72,0
28-11-2023 19:26,3,25,59,65,0
28-11-2023 19:27,2,20,46,58,0
28-11-2023 19:28,3,19,46,87,0
28-11-2023 19:29,2,31,45,61,0
28-11-2023 19:30,2,22,40,69,0
28-11-2023 19:31,1,46,53,65,1
28-11-2023 19:32,1,19,39,66,1
28-11-2023 19:33,1,31,57,70,1
28-11-2023 19:34,2,49,56,86,0
28-11-2023 19:35,3,43,40,76,1
28-11-2023 19:36,2,24,42,87,0
28-11-2023 19:37,2,19,59,76,0
28-11-2023 19:38,3,26,42,73,1
28-11-2023 19:39,2,31,61,76,0
28-11-2023 19:40,1,45,58,74,1
28-11-2023 19:41,1,24,48,64,1
28-11-2023 19:42,1,42,38,64,1
28-11-2023 19:43,3,29,43,61,0
28-11-2023 19:44,3,39,38,55,1
28-11-2023 19:45,2,21,42,79,0
28-11-2023 19:46,2,37,65,62,0
28-11-2023 19:47,1,44,53,82,1
28-11-2023 19:48,2,42,48,70,1
28-11-2023 19:49,1,23,46,53,1
28-11-2023 19:50,2,37,38,84,1
28-11-2023 19:51,3,48,64,55,1
28-11-2023 19:52,1,24,68,53,0
28-11-2023 19:53,3,48,56,68,0
28-11-2023 19:54,2,30,68,82,1
28-11-2023 19:55,1,46,55,55,0
28-11-2023 19:56,1,22,55,58,0
28-11-2023 19:57,2,45,55,65,0
28-11-2023 19:58,1,45,47,59,1
28-11-2023 19:59,1,21,41,61,0
28-11-2023 20:00,3,49,56,84,0
28-11-2023 20:01,1,47,53,76,1
28-11-2023 20:02,3,36,46,57,0
28-11-2023 20:03,3,49,55,86,0
28-11-2023 20:04,2,28,44,71,1
28-11-2023 20:05,2,46,48,64,0
28-11-2023 20:06,2,35,70,69,1
28-11-2023 20:07,2,43,48,61,0
28-11-2023 20:08,3,42,44,74,0
28-11-2023 20:09,3,46,44,87,1
28-11-2023 20:10,3,25,52,74,1
28-11-2023 20:11,2,32,65,61,0
28-11-2023 20:12,3,30,61,56,0
28-11-2023 20:13,2,23,41,66,0
28-11-2023 20:14,2,30,38,55,0
28-11-2023 20:15,3,22,56,69,1
28-11-2023 20:16,1,45,41,85,1
28-11-2023 20:17,1,33,68,77,0
28-11-2023 20:18,1,47,41,82,1
28-11-2023 20:19,1,43,38,82,0
28-11-2023 20:20,3,25,54,55,1
28-11-2023 20:21,1,32,63,73,1
28-11-2023 20:22,3,30,61,63,0
28-11-2023 20:23,3,41,39,68,0
28-11-2023 20:24,2,20,54,54,0
28-11-2023 20:25,1,20,61,76,0
28-11-2023 20:26,2,32,38,76,0
28-11-2023 20:27,1,31,65,74,0
28-11-2023 20:28,1,27,61,85,1
28-11-2023 20:29,1,49,55,64,0
28-11-2023 20:30,1,33,39,80,0
28-11-2023 20:31,2,48,47,80,0
28-11-2023 20:32,2,24,68,67,0
28-11-2023 20:33,1,49,50,78,1
28-11-2023 20:34,3,32,44,59,1
28-11-2023 20:35,1,48,43,69,1
28-11-2023 20:36,3,42,42,81,0
28-11-2023 20:37,1,37,69,73,1
28-11-2023 20:38,2,19,39,67,0
28-11-2023 20:39,1,41,63,57,1
28-11-2023 20:40,3,40,44,87,1
28-11-2023 20:41,3,33,65,78,1
28-11-2023 20:42,3,29,52,71,0
28-11-2023 20:43,3,28,69,73,1
28-11-2023 20:44,3,48,49,81,1
28-11-2023 20:45,1,19,68,61,0
28-11-2023 20:46,2,32,58,73,0
28-11-2023 20:47,1,46,56,57,0
28-11-2023 20:48,1,23,46,79,0
28-11-2023 20:49,3,34,58,60,1
28-11-2023 20:50,3,34,65,60,1
28-11-2023 20:51,2,27,50,87,1
28-11-2023 20:52,3,32,52,59,1
28-11-2023 20:53,2,24,51,87,1
28-11-2023 20:54,2,40,55,61,1
28-11-2023 20:55,3,32,54,81,1
28-11-2023 20:56,1,28,48,64,1
28-11-2023 20:57,1,22,65,72,1
28-11-2023 20:58,3,27,55,73,1
28-11-2023 20:59,2,33,67,79,0
28-11-2023 21:00,3,36,53,86,0
28-11-2023 21:01,2,41,38,58,0
28-11-2023 21:02,1,23,43,58,1
28-11-2023 21:03,3,38,67,68,1
28-11-2023 21:04,3,45,56,63,0
28-11-2023 21:05,3,30,57,77,0
28-11-2023 21:06,2,23,55,57,0
28-11-2023 21:07,2,23,42,72,0
28-11-2023 21:08,1,49,48,87,0
28-11-2023 21:09,1,22,53,57,0
28-11-2023 21:10,1,41,48,57,1
28-11-2023 21:11,1,28,58,83,0
28-11-2023 21:12,3,27,50,79,1
28-11-2023 21:13,3,28,38,65,0
28-11-2023 21:14,1,44,59,62,0
28-11-2023 21:15,3,32,50,61,0
28-11-2023 21:16,3,49,39,59,1
28-11-2023 21:17,1,43,41,60,0
28-11-2023 21:18,3,26,50,85,1
28-11-2023 21:19,2,44,40,57,0
28-11-2023 21:20,2,26,67,83,1
28-11-2023 21:21,2,38,58,71,1
28-11-2023 21:22,2,49,47,53,0
28-11-2023 21:23,2,22,49,54,1
28-11-2023 21:24,2,23,63,75,0
28-11-2023 21:25,3,40,41,75,1
28-11-2023 21:26,1,39,68,55,1
28-11-2023 21:27,2,44,51,64,0
28-11-2023 21:28,1,24,69,68,0
28-11-2023 21:29,2,39,65,60,1
28-11-2023 21:30,3,47,52,56,1
28-11-2023 21:31,2,24,52,79,0
28-11-2023 21:32,1,46,41,72,1
28-11-2023 21:33,3,39,43,82,1
28-11-2023 21:34,1,34,48,62,0
28-11-2023 21:35,2,34,42,53,0
28-11-2023 21:36,1,19,49,77,1
28-11-2023 21:37,2,23,60,86,1
28-11-2023 21:38,3,35,53,65,0
28-11-2023 21:39,1,31,59,72,0
28-11-2023 21:40,1,45,67,55,1
28-11-2023 21:41,2,40,63,67,0
28-11-2023 21:42,3,41,56,67,0
28-11-2023 21:43,2,28,54,75,0
28-11-2023 21:44,1,31,52,63,0
28-11-2023 21:45,1,47,42,72,1
28-11-2023 21:46,1,20,43,69,0
28-11-2023 21:47,3,24,70,69,1
28-11-2023 21:48,1,23,59,72,0
28-11-2023 21:49,2,47,54,80,0
28-11-2023 21:50,2,31,65,86,0
28-11-2023 21:51,1,42,38,78,0
28-11-2023 21:52,1,29,40,66,1
28-11-2023 21:53,2,28,65,56,1
28-11-2023 21:54,1,47,57,59,0
28-11-2023 21:55,1,42,42,86,0
28-11-2023 21:56,3,34,59,53,0
28-11-2023 21:57,1,38,40,85,0
28-11-2023 21:58,1,34,60,81,1
28-11-2023 21:59,1,25,60,58,0
28-11-2023 22:00,2,40,68,61,0
28-11-2023 22:01,3,30,42,69,1
28-11-2023 22:02,3,35,52,64,1
28-11-2023 22:03,1,42,68,64,1
28-11-2023 22:04,2,26,42,84,0
28-11-2023 22:05,1,40,38,55,0
28-11-2023 22:06,1,28,63,63,0
28-11-2023 22:07,1,28,39,86,0
28-11-2023 22:08,3,43,39,85,1
28-11-2023 22:09,2,49,46,71,1
28-11-2023 22:10,3,31,54,81,1
28-11-2023 22:11,2,47,46,73,0
28-11-2023 22:12,2,44,58,64,1
28-11-2023 22:13,1,19,51,65,1
28-11-2023 22:14,3,23,41,58,1
28-11-2023 22:15,3,34,57,56,0
28-11-2023 22:16,3,40,60,83,1
28-11-2023 22:17,3,30,55,54,1
28-11-2023 22:18,1,24,63,68,0
28-11-2023 22:19,2,37,55,87,0
28-11-2023 22:20,1,43,38,85,0
28-11-2023 22:21,2,43,65,87,1
28-11-2023 22:22,1,20,39,71,1
28-11-2023 22:23,1,39,54,67,1
28-11-2023 22:24,2,32,39,57,1
28-11-2023 22:25,3,23,41,79,1
28-11-2023 22:26,1,31,64,86,0
28-11-2023 22:27,3,19,42,58,0
28-11-2023 22:28,3,34,48,68,1
28-11-2023 22:29,3,39,66,64,1
28-11-2023 22:30,2,20,51,72,1
28-11-2023 22:31,2,43,62,69,1
28-11-2023 22:32,3,45,55,65,0
28-11-2023 22:33,2,45,53,82,1
28-11-2023 22:34,2,27,52,61,1
28-11-2023 22:35,3,27,70,77,1
28-11-2023 22:36,3,32,52,76,0
28-11-2023 22:37,3,44,48,69,1
28-11-2023 22:38,1,33,39,85,1
28-11-2023 22:39,2,39,60,60,0
28-11-2023 22:40,3,38,57,60,1
28-11-2023 22:41,3,45,65,55,1
28-11-2023 22:42,3,35,39,65,1
28-11-2023 22:43,1,40,63,75,1
28-11-2023 22:44,3,33,70,84,0
28-11-2023 22:45,1,19,66,79,0
28-11-2023 22:46,1,46,62,54,1
28-11-2023 22:47,3,40,42,66,0
28-11-2023 22:48,3,28,59,83,1
28-11-2023 22:49,1,49,64,55,1
28-11-2023 22:50,1,39,38,72,1
28-11-2023 22:51,3,25,51,53,1
28-11-2023 22:52,2,40,42,78,1
28-11-2023 22:53,1,30,61,61,1
28-11-2023 22:54,2,24,42,63,0
28-11-2023 22:55,2,47,70,60,1
28-11-2023 22:56,1,26,40,77,1
28-11-2023 22:57,3,29,43,64,0
28-11-2023 22:58,3,41,65,59,0
28-11-2023 22:59,3,20,40,71,0
28-11-2023 23:00,2,30,51,66,0
28-11-2023 23:01,1,48,54,66,1
28-11-2023 23:02,1,35,60,82,1
28-11-2023 23:03,2,25,44,71,1
28-11-2023 23:04,1,22,51,72,1
28-11-2023 23:05,3,29,44,55,0
28-11-2023 23:06,2,47,56,75,0
28-11-2023 23:07,3,47,48,87,1
28-11-2023 23:08,2,24,59,84,0
28-11-2023 23:09,1,19,52,61,0
28-11-2023 23:10,3,47,65,54,1
28-11-2023 23:11,1,33,39,60,0
28-11-2023 23:12,2,26,39,57,0
28-11-2023 23:13,1,39,38,85,0
28-11-2023 23:14,1,45,66,58,1
28-11-2023 23:15,2,39,39,60,0
28-11-2023 23:16,1,33,60,63,0
28-11-2023 23:17,2,44,45,62,0
28-11-2023 23:18,2,27,42,76,1
28-11-2023 23:19,3,37,60,65,1
28-11-2023 23:20,2,37,64,60,0
28-11-2023 23:21,3,32,38,85,0
28-11-2023 23:22,2,24,45,84,0
28-11-2023 23:23,3,41,68,65,1
28-11-2023 23:24,3,43,49,78,1
28-11-2023 23:25,2,44,48,70,0
28-11-2023 23:26,1,33,52,53,1
28-11-2023 23:27,1,33,63,65,0
28-11-2023 23:28,1,39,47,81,0
28-11-2023 23:29,3,39,60,64,0
28-11-2023 23:30,2,24,49,74,0
28-11-2023 23:31,3,44,58,70,0
28-11-2023 23:32,3,21,67,57,1
28-11-2023 23:33,2,20,51,67,1
28-11-2023 23:34,3,37,64,57,1
28-11-2023 23:35,1,40,64,75,1
28-11-2023 23:36,2,42,48,58,1
28-11-2023 23:37,3,43,45,63,0
28-11-2023 23:38,3,25,70,80,0
28-11-2023 23:39,3,38,59,73,1
28-11-2023 23:40,2,41,66,59,1
28-11-2023 23:41,3,37,57,76,1
28-11-2023 23:42,1,36,65,63,0
28-11-2023 23:43,1,36,40,57,0
28-11-2023 23:44,2,19,52,57,1
28-11-2023 23:45,2,38,39,63,1
28-11-2023 23:46,1,32,38,74,1
28-11-2023 23:47,2,43,64,64,0
28-11-2023 23:48,1,45,42,63,1
28-11-2023 23:49,1,44,48,65,1
28-11-2023 23:50,1,34,59,81,0
28-11-2023 23:51,1,30,63,77,1
28-11-2023 23:52,2,20,65,69,1
28-11-2023 23:53,3,39,62,62,0
28-11-2023 23:54,1,47,58,79,1
28-11-2023 23:55,3,46,47,75,1
28-11-2023 23:56,1,32,48,67,1
28-11-2023 23:57,3,46,67,80,0
28-11-2023 23:58,2,25,54,77,1
28-11-2023 23:59,1,33,63,68,0
29-11-2023 00:00,2,42,38,55,1
29-11-2023 00:01,3,30,59,55,1
29-11-2023 00:02,1,38,41,80,0
29-11-2023 00:03,1,26,46,79,0
29-11-2023 00:04,1,36,61,53,1
29-11-2023 00:05,3,46,48,86,1
29-11-2023 00:06,2,41,54,73,1
29-11-2023 00:07,3,28,62,87,1
29-11-2023 00:08,2,30,40,82,1
29-11-2023 00:09,3,35,58,86,1
29-11-2023 00:10,1,44,50,72,1
29-11-2023 00:11,1,45,42,53,1
29-11-2023 00:12,3,39,58,55,1
29-11-2023 00:13,2,41,48,78,1
29-11-2023 00:14,3,20,62,62,1
29-11-2023 00:15,1,30,56,80,0
29-11-2023 00:16,2,26,54,64,0
29-11-2023 00:17,3,37,65,64,0
29-11-2023 00:18,2,33,47,54,0
29-11-2023 00:19,2,41,40,56,0
29-11-2023 00:20,2,42,48,75,0
29-11-2023 00:21,3,35,61,64,0
29-11-2023 00:22,3,33,41,86,1
29-11-2023 00:23,2,28,54,67,0
29-11-2023 00:24,3,23,70,84,0
29-11-2023 00:25,3,34,53,74,1
29-11-2023 00:26,1,43,47,62,1
29-11-2023 00:27,3,49,45,62,1
29-11-2023 00:28,2,45,45,83,1
29-11-2023 00:29,1,42,44,85,1
29-11-2023 00:30,3,41,53,61,1
29-11-2023 00:31,1,27,52,71,1
29-11-2023 00:32,1,26,43,77,0
29-11-2023 00:33,2,19,63,86,1
29-11-2023 00:34,3,40,55,64,0
29-11-2023 00:35,1,35,45,78,1
29-11-2023 00:36,1,24,40,81,1
29-11-2023 00:37,3,21,49,86,1
29-11-2023 00:38,3,38,41,81,0
29-11-2023 00:39,3,29,49,65,1
29-11-2023 00:40,3,29,59,54,0
29-11-2023 00:41,2,48,58,78,0
29-11-2023 00:42,1,27,57,68,1
29-11-2023 00:43,3,23,59,79,1
29-11-2023 00:44,3,42,55,57,1
29-11-2023 00:45,2,20,38,67,0
29-11-2023 00:46,2,37,66,70,1
29-11-2023 00:47,1,41,60,84,0
29-11-2023 00:48,3,20,45,68,0
29-11-2023 00:49,2,19,48,83,1
29-11-2023 00:50,2,31,63,54,1
29-11-2023 00:51,2,20,44,67,1
29-11-2023 00:52,3,36,52,55,0
29-11-2023 00:53,3,37,66,66,0
29-11-2023 00:54,3,45,68,80,1
29-11-2023 00:55,1,28,67,63,1
29-11-2023 00:56,3,44,52,81,0
29-11-2023 00:57,1,28,69,71,0
29-11-2023 00:58,2,26,65,55,1
29-11-2023 00:59,2,39,66,57,0
29-11-2023 01:00,1,29,56,73,1
29-11-2023 01:01,2,34,42,69,1
29-11-2023 01:02,3,27,46,62,0
29-11-2023 01:03,3,40,51,76,1
29-11-2023 01:04,3,38,64,81,1
29-11-2023 01:05,1,21,44,63,0
29-11-2023 01:06,2,38,47,64,1
29-11-2023 01:07,2,19,46,68,0
29-11-2023 01:08,3,31,53,56,1
29-11-2023 01:09,3,30,43,70,0
29-11-2023 01:10,3,22,56,82,1
29-11-2023 01:11,2,31,61,56,0
29-11-2023 01:12,1,44,55,79,0
29-11-2023 01:13,1,25,63,62,0
29-11-2023 01:14,3,45,48,64,1
29-11-2023 01:15,1,21,56,57,0
29-11-2023 01:16,3,48,57,77,1
29-11-2023 01:17,1,21,47,66,1
29-11-2023 01:18,2,28,42,83,0
29-11-2023 01:19,1,39,69,82,1
29-11-2023 01:20,2,37,45,63,1
29-11-2023 01:21,3,25,60,70,1
29-11-2023 01:22,1,22,38,57,1
29-11-2023 01:23,2,33,65,58,0
29-11-2023 01:24,2,24,40,79,1
29-11-2023 01:25,1,47,38,63,0
29-11-2023 01:26,2,37,66,53,0
29-11-2023 01:27,3,35,59,54,0
29-11-2023 01:28,2,23,56,73,0
29-11-2023 01:29,2,29,60,67,1
29-11-2023 01:30,2,41,65,66,0
29-11-2023 01:31,3,49,50,83,0
29-11-2023 01:32,3,19,45,56,0
29-11-2023 01:33,3,26,49,66,1
29-11-2023 01:34,3,36,63,74,1
29-11-2023 01:35,2,27,41,61,1
29-11-2023 01:36,2,21,59,78,1
29-11-2023 01:37,3,32,40,66,1
29-11-2023 01:38,3,30,64,55,1
29-11-2023 01:39,1,26,67,80,1
29-11-2023 01:40,3,20,48,78,1
29-11-2023 01:41,3,19,70,75,1
29-11-2023 01:42,2,26,54,68,0
29-11-2023 01:43,3,32,66,77,0
29-11-2023 01:44,1,28,69,80,1
29-11-2023 01:45,3,38,55,59,1
29-11-2023 01:46,2,25,50,72,0
29-11-2023 01:47,3,47,48,62,1
29-11-2023 01:48,1,29,57,76,1
29-11-2023 01:49,2,30,69,78,0
29-11-2023 01:50,3,37,53,84,1
29-11-2023 01:51,2,42,59,85,1
29-11-2023 01:52,3,33,46,67,1
29-11-2023 01:53,2,31,45,75,1
29-11-2023 01:54,1,44,62,61,1
29-11-2023 01:55,3,45,56,81,0
29-11-2023 01:56,3,38,68,71,1
29-11-2023 01:57,2,32,45,61,1
29-11-2023 01:58,3,27,52,79,1
29-11-2023 01:59,3,26,57,69,1
29-11-2023 02:00,1,28,50,64,1
29-11-2023 02:01,2,24,51,72,0
29-11-2023 02:02,1,48,48,68,1
29-11-2023 02:03,2,40,69,57,1
29-11-2023 02:04,3,40,61,78,1
29-11-2023 02:05,2,29,38,59,1
29-11-2023 02:06,1,27,43,84,1
29-11-2023 02:07,1,36,60,58,1
29-11-2023 02:08,3,20,54,62,1
29-11-2023 02:09,1,21,57,81,0
29-11-2023 02:10,1,24,46,84,1
29-11-2023 02:11,2,33,59,79,0
29-11-2023 02:12,3,24,43,59,1
29-11-2023 02:13,1,44,67,87,0
29-11-2023 02:14,1,28,58,87,1
29-11-2023 02:15,2,45,42,61,0
29-11-2023 02:16,1,47,70,71,1
29-11-2023 02:17,2,32,69,54,1
29-11-2023 02:18,3,42,62,71,0
29-11-2023 02:19,3,37,69,78,1
29-11-2023 02:20,1,31,65,68,1
29-11-2023 02:21,3,22,49,77,1
29-11-2023 02:22,1,42,43,86,0
29-11-2023 02:23,1,29,45,86,0
29-11-2023 02:24,2,31,61,59,0
29-11-2023 02:25,3,47,54,68,0
29-11-2023 02:26,1,33,67,75,0
29-11-2023 02:27,1,44,42,76,0
29-11-2023 02:28,1,23,43,86,1
29-11-2023 02:29,2,49,45,83,0
29-11-2023 02:30,2,36,63,82,0
29-11-2023 02:31,1,29,38,67,0
29-11-2023 02:32,3,42,52,73,0
29-11-2023 02:33,3,26,57,82,1
29-11-2023 02:34,3,45,39,84,0
29-11-2023 02:35,3,29,44,76,0
29-11-2023 02:36,3,20,39,53,0
29-11-2023 02:37,1,32,57,69,1
29-11-2023 02:38,1,28,44,71,0
29-11-2023 02:39,1,21,65,84,0
29-11-2023 02:40,3,27,48,67,1
29-11-2023 02:41,1,20,55,77,0
29-11-2023 02:42,2,25,39,79,1
29-11-2023 02:43,2,48,38,66,0
29-11-2023 02:44,1,28,55,85,1
29-11-2023 02:45,2,46,65,55,0
29-11-2023 02:46,2,37,63,73,1
29-11-2023 02:47,1,19,62,61,0
29-11-2023 02:48,2,21,49,84,0
29-11-2023 02:49,1,38,67,59,1
29-11-2023 02:50,3,39,63,76,1
29-11-2023 02:51,1,44,40,87,1
29-11-2023 02:52,2,22,51,73,1
29-11-2023 02:53,3,44,40,56,1
29-11-2023 02:54,1,26,38,72,0
29-11-2023 02:55,3,28,67,72,1
29-11-2023 02:56,2,36,46,70,0
29-11-2023 02:57,2,37,60,58,0
29-11-2023 02:58,1,21,44,74,1
29-11-2023 02:59,3,24,52,58,1
29-11-2023 03:00,3,27,60,83,0
29-11-2023 03:01,1,19,68,68,1
29-11-2023 03:02,1,44,69,68,0
29-11-2023 03:03,2,34,58,71,0
29-11-2023 03:04,2,19,43,70,1
29-11-2023 03:05,1,27,40,75,1
29-11-2023 03:06,1,20,48,58,0
29-11-2023 03:07,2,27,57,61,1
29-11-2023 03:08,2,21,45,60,0
29-11-2023 03:09,2,38,51,68,1
29-11-2023 03:10,3,26,44,71,1
29-11-2023 03:11,3,19,64,74,1
29-11-2023 03:12,1,35,62,81,0
29-11-2023 03:13,3,48,51,79,1
29-11-2023 03:14,3,38,50,85,1
29-11-2023 03:15,2,46,54,86,0
29-11-2023 03:16,2,29,48,71,0
29-11-2023 03:17,2,27,61,74,1
29-11-2023 03:18,2,33,58,74,1
29-11-2023 03:19,2,29,47,76,1
29-11-2023 03:20,2,37,68,72,1
29-11-2023 03:21,2,42,50,82,1
29-11-2023 03:22,1,20,66,56,0
29-11-2023 03:23,2,43,39,72,1
29-11-2023 03:24,1,23,50,56,0
29-11-2023 03:25,1,42,43,80,1
29-11-2023 03:26,2,38,44,53,0
29-11-2023 03:27,1,28,70,67,0
29-11-2023 03:28,2,44,46,69,0
29-11-2023 03:29,2,23,61,58,1
29-11-2023 03:30,1,23,57,57,1
29-11-2023 03:31,1,30,50,56,1
29-11-2023 03:32,1,22,60,77,1
29-11-2023 03:33,3,28,49,58,1
29-11-2023 03:34,2,22,69,71,0
29-11-2023 03:35,2,20,66,55,1
29-11-2023 03:36,2,46,51,53,0
29-11-2023 03:37,2,36,46,85,1
29-11-2023 03:38,1,48,68,62,1
29-11-2023 03:39,2,44,57,80,0
29-11-2023 03:40,1,36,56,53,1
29-11-2023 03:41,2,41,53,71,0
29-11-2023 03:42,1,30,52,77,1
29-11-2023 03:43,2,30,62,79,0
29-11-2023 03:44,1,33,54,81,0
29-11-2023 03:45,2,26,44,82,1
29-11-2023 03:46,3,37,64,53,1
29-11-2023 03:47,3,26,57,69,1
29-11-2023 03:48,2,48,51,70,0
29-11-2023 03:49,1,33,52,60,1
29-11-2023 03:50,1,41,44,73,0
29-11-2023 03:51,1,29,47,74,0
29-11-2023 03:52,1,38,43,67,0
29-11-2023 03:53,1,41,69,83,0
29-11-2023 03:54,3,45,51,54,0
29-11-2023 03:55,1,33,68,86,0
29-11-2023 03:56,3,49,70,71,0
29-11-2023 03:57,1,44,46,77,1
29-11-2023 03:58,3,32,46,65,1
29-11-2023 03:59,2,31,60,70,1
29-11-2023 04:00,2,49,70,60,1
29-11-2023 04:01,3,43,66,71,1
29-11-2023 04:02,1,30,60,72,1
29-11-2023 04:03,3,26,49,87,0
29-11-2023 04:04,3,40,66,56,0
29-11-2023 04:05,3,32,54,85,1
29-11-2023 04:06,2,46,43,85,0
29-11-2023 04:07,2,29,69,67,1
29-11-2023 04:08,3,37,59,67,0
29-11-2023 04:09,3,31,59,66,1
29-11-2023 04:10,3,47,56,70,0
29-11-2023 04:11,2,47,44,75,0
29-11-2023 04:12,3,19,59,61,1
29-11-2023 04:13,1,27,49,62,1
29-11-2023 04:14,1,42,41,85,1
29-11-2023 04:15,3,49,61,67,1
29-11-2023 04:16,1,34,48,73,0
29-11-2023 04:17,3,45,65,67,1
29-11-2023 04:18,2,27,48,55,0
29-11-2023 04:19,1,39,64,55,0
29-11-2023 04:20,3,34,45,67,0
29-11-2023 04:21,1,26,65,81,0
29-11-2023 04:22,1,35,58,65,0
29-11-2023 04:23,3,49,44,72,0
29-11-2023 04:24,3,42,52,75,1
29-11-2023 04:25,2,36,44,72,1
29-11-2023 04:26,1,20,47,86,0
29-11-2023 04:27,3,24,44,87,1
29-11-2023 04:28,3,19,50,62,0
29-11-2023 04:29,2,33,41,55,0
29-11-2023 04:30,1,19,61,63,0
29-11-2023 04:31,3,42,57,67,0
29-11-2023 04:32,2,44,57,80,0
29-11-2023 04:33,3,29,38,82,0
29-11-2023 04:34,1,27,69,66,0
29-11-2023 04:35,2,49,69,87,0
29-11-2023 04:36,2,49,49,64,1
29-11-2023 04:37,1,24,47,59,0
29-11-2023 04:38,1,45,48,57,0
29-11-2023 04:39,3,38,42,86,1
29-11-2023 04:40,1,34,64,74,1
29-11-2023 04:41,1,22,60,80,0
29-11-2023 04:42,2,36,39,66,1
29-11-2023 04:43,2,47,46,57,1
29-11-2023 04:44,2,44,56,77,0
29-11-2023 04:45,1,33,50,83,0
29-11-2023 04:46,2,27,41,83,1
29-11-2023 04:47,1,26,59,79,1
29-11-2023 04:48,1,44,60,65,0
29-11-2023 04:49,3,34,58,61,0
29-11-2023 04:50,3,43,58,62,1
29-11-2023 04:51,3,49,57,62,1
29-11-2023 04:52,1,25,47,78,0
29-11-2023 04:53,1,32,58,78,0
29-11-2023 04:54,3,45,52,54,1
29-11-2023 04:55,1,22,45,73,0
29-11-2023 04:56,1,36,67,54,0
29-11-2023 04:57,3,46,42,57,1
29-11-2023 04:58,3,35,57,83,1
29-11-2023 04:59,3,31,45,75,0
29-11-2023 05:00,3,26,40,64,0
29-11-2023 05:01,3,31,51,81,1
29-11-2023 05:02,2,26,57,66,0
29-11-2023 05:03,3,27,59,69,1
29-11-2023 05:04,1,27,63,67,1
29-11-2023 05:05,1,33,52,55,0
29-11-2023 05:06,2,23,44,80,0
29-11-2023 05:07,1,31,43,87,1
29-11-2023 05:08,1,45,42,75,1
29-11-2023 05:09,1,44,44,77,1
29-11-2023 05:10,2,37,41,69,0
29-11-2023 05:11,3,48,68,68,0
29-11-2023 05:12,3,49,49,73,1
29-11-2023 05:13,1,45,40,55,1
29-11-2023 05:14,2,49,51,57,0
29-11-2023 05:15,3,35,68,56,0
29-11-2023 05:16,1,41,53,62,0
29-11-2023 05:17,3,43,65,66,1
29-11-2023 05:18,2,21,69,80,1
29-11-2023 05:19,3,37,48,69,0
29-11-2023 05:20,3,35,47,55,0
29-11-2023 05:21,2,32,64,79,1
29-11-2023 05:22,1,29,63,62,1
29-11-2023 05:23,2,40,46,80,1
29-11-2023 05:24,2,49,42,56,1
29-11-2023 05:25,3,30,45,68,0
29-11-2023 05:26,1,32,55,79,0
29-11-2023 05:27,3,32,62,57,0
29-11-2023 05:28,2,19,64,79,0
29-11-2023 05:29,3,26,63,84,0
29-11-2023 05:30,3,25,49,68,1
29-11-2023 05:31,1,48,49,67,1
29-11-2023 05:32,2,22,41,67,1
29-11-2023 05:33,2,29,62,56,1
29-11-2023 05:34,3,30,66,60,0
29-11-2023 05:35,3,33,41,67,0
29-11-2023 05:36,2,33,64,64,1
29-11-2023 05:37,2,20,66,62,0
29-11-2023 05:38,1,24,51,61,0
29-11-2023 05:39,3,45,68,73,1
29-11-2023 05:40,3,25,38,68,1
29-11-2023 05:41,2,40,39,71,1
29-11-2023 05:42,3,22,61,61,0
29-11-2023 05:43,1,31,62,56,1
29-11-2023 05:44,3,38,58,73,0
29-11-2023 05:45,3,32,50,86,1
29-11-2023 05:46,3,40,48,72,1
29-11-2023 05:47,1,40,40,61,1
29-11-2023 05:48,3,34,49,85,0
29-11-2023 05:49,1,28,43,55,0
29-11-2023 05:50,2,39,65,54,1
29-11-2023 05:51,1,38,48,72,0
29-11-2023 05:52,2,48,66,78,0
29-11-2023 05:53,2,44,47,73,1
29-11-2023 05:54,3,46,53,83,1
29-11-2023 05:55,1,41,70,67,1
29-11-2023 05:56,3,39,39,54,0
29-11-2023 05:57,1,46,59,85,1
29-11-2023 05:58,2,30,42,62,1
29-11-2023 05:59,3,40,65,60,1
29-11-2023 06:00,3,40,59,72,0
29-11-2023 06:01,2,25,49,63,1
29-11-2023 06:02,2,38,40,60,1
29-11-2023 06:03,2,38,55,75,0
29-11-2023 06:04,3,37,64,59,0
29-11-2023 06:05,2,21,51,80,0
29-11-2023 06:06,3,48,39,77,0
29-11-2023 06:07,3,32,61,73,0
29-11-2023 06:08,2,25,64,82,1
29-11-2023 06:09,1,40,46,68,1
29-11-2023 06:10,2,44,44,57,1
29-11-2023 06:11,1,49,66,75,1
29-11-2023 06:12,2,43,52,61,0
29-11-2023 06:13,3,22,67,86,1
29-11-2023 06:14,3,39,67,85,0
29-11-2023 06:15,1,35,45,85,0
29-11-2023 06:16,1,46,66,56,0
29-11-2023 06:17,1,46,45,67,0
29-11-2023 06:18,1,36,51,62,0
29-11-2023 06:19,2,37,54,61,0
29-11-2023 06:20,1,36,47,68,0
29-11-2023 06:21,1,19,56,82,0
29-11-2023 06:22,3,37,41,86,1
29-11-2023 06:23,2,33,48,64,1
29-11-2023 06:24,3,38,47,78,1
29-11-2023 06:25,3,35,58,63,0
29-11-2023 06:26,3,49,46,81,0
29-11-2023 06:27,1,31,60,84,1
29-11-2023 06:28,1,37,51,66,1
29-11-2023 06:29,1,40,68,83,1
29-11-2023 06:30,1,19,45,55,0
29-11-2023 06:31,2,23,48,68,0
29-11-2023 06:32,1,43,52,77,1
29-11-2023 06:33,2,36,54,77,0
29-11-2023 06:34,1,31,61,77,1
29-11-2023 06:35,3,26,64,56,1
29-11-2023 06:36,2,45,67,86,1
29-11-2023 06:37,3,22,65,78,1
29-11-2023 06:38,1,26,46,70,1
29-11-2023 06:39,1,24,70,77,1
29-11-2023 06:40,2,40,54,63,1
29-11-2023 06:41,1,47,47,56,0
29-11-2023 06:42,2,44,54,81,1
29-11-2023 06:43,2,44,47,80,1
29-11-2023 06:44,2,49,68,59,0
29-11-2023 06:45,2,46,59,70,1
29-11-2023 06:46,2,20,63,80,1
29-11-2023 06:47,2,20,69,68,0
29-11-2023 06:48,1,41,56,82,0
29-11-2023 06:49,3,29,66,53,0
29-11-2023 06:50,1,45,42,76,1
29-11-2023 06:51,2,23,59,76,1
29-11-2023 06:52,1,40,40,72,0
29-11-2023 06:53,3,29,66,61,0
29-11-2023 06:54,1,27,54,53,0
29-11-2023 06:55,3,49,45,57,0
29-11-2023 06:56,3,41,63,53,0
29-11-2023 06:57,2,23,67,66,0
29-11-2023 06:58,3,20,49,72,0
29-11-2023 06:59,2,45,53,58,0
29-11-2023 07:00,3,44,48,86,0
29-11-2023 07:01,1,20,39,84,1
29-11-2023 07:02,2,36,60,85,1
29-11-2023 07:03,1,44,51,65,0
29-11-2023 07:04,3,41,60,78,0
29-11-2023 07:05,3,26,67,79,1
29-11-2023 07:06,3,37,56,86,1
29-11-2023 07:07,3,44,61,83,1
29-11-2023 07:08,1,30,57,71,0
29-11-2023 07:09,2,20,38,54,1
29-11-2023 07:10,1,42,60,87,1
29-11-2023 07:11,3,48,50,70,1
29-11-2023 07:12,2,45,40,74,0
29-11-2023 07:13,2,28,67,65,1
29-11-2023 07:14,2,40,56,69,0
29-11-2023 07:15,1,22,64,66,0
29-11-2023 07:16,2,20,57,62,0
29-11-2023 07:17,3,27,59,54,0
29-11-2023 07:18,1,40,64,80,0
29-11-2023 07:19,1,30,68,57,0
29-11-2023 07:20,3,25,40,81,0
29-11-2023 07:21,3,43,48,69,0
29-11-2023 07:22,2,27,38,80,1
29-11-2023 07:23,2,32,70,75,0
29-11-2023 07:24,2,24,50,58,0
29-11-2023 07:25,3,48,49,70,0
29-11-2023 07:26,3,32,42,53,1
29-11-2023 07:27,2,24,58,61,1
29-11-2023 07:28,1,21,57,74,1
29-11-2023 07:29,3,29,40,81,1
29-11-2023 07:30,1,32,47,72,0
29-11-2023 07:31,1,21,60,85,0
29-11-2023 07:32,3,33,44,79,0
29-11-2023 07:33,3,41,54,84,0
29-11-2023 07:34,3,26,62,62,0
29-11-2023 07:35,2,43,45,80,0
29-11-2023 07:36,1,44,65,55,1
29-11-2023 07:37,2,44,67,62,0
29-11-2023 07:38,1,38,48,53,1
29-11-2023 07:39,2,26,46,79,1
29-11-2023 07:40,3,48,55,73,1
29-11-2023 07:41,1,38,57,85,1
29-11-2023 07:42,2,48,70,72,1
29-11-2023 07:43,3,35,51,75,1
29-11-2023 07:44,3,20,46,66,0
29-11-2023 07:45,3,20,52,82,0
29-11-2023 07:46,3,42,63,80,1
29-11-2023 07:47,3,27,55,77,1
29-11-2023 07:48,2,31,54,86,1
29-11-2023 07:49,3,47,43,84,1
29-11-2023 07:50,2,23,48,73,0
29-11-2023 07:51,2,46,60,60,0
29-11-2023 07:52,2,35,68,70,1
29-11-2023 07:53,3,49,60,87,1
29-11-2023 07:54,2,19,68,61,1
29-11-2023 07:55,1,28,51,64,0
29-11-2023 07:56,1,22,39,67,1
29-11-2023 07:57,3,35,41,79,0
29-11-2023 07:58,2,34,43,82,1
29-11-2023 07:59,3,48,51,86,1
29-11-2023 08:00,2,31,48,74,0
29-11-2023 08:01,2,23,45,70,0
29-11-2023 08:02,3,37,44,83,0
29-11-2023 08:03,2,47,70,58,1
29-11-2023 08:04,2,31,52,78,1
29-11-2023 08:05,1,23,45,57,0
29-11-2023 08:06,3,37,54,64,0
29-11-2023 08:07,1,23,47,82,1
29-11-2023 08:08,3,37,70,64,0
29-11-2023 08:09,1,32,57,69,0
29-11-2023 08:10,3,40,68,55,1
29-11-2023 08:11,3,41,43,70,1
29-11-2023 08:12,3,49,69,55,0
29-11-2023 08:13,2,29,44,85,1
29-11-2023 08:14,1,36,59,55,0
29-11-2023 08:15,3,31,62,74,1
29-11-2023 08:16,2,21,53,57,1
29-11-2023 08:17,1,23,44,85,0
29-11-2023 08:18,2,26,61,85,1
29-11-2023 08:19,3,32,48,66,1
29-11-2023 08:20,2,46,59,69,1
29-11-2023 08:21,3,35,60,83,1
29-11-2023 08:22,1,35,41,87,1
29-11-2023 08:23,3,21,40,71,1
29-11-2023 08:24,2,47,56,64,1
29-11-2023 08:25,2,20,70,55,1
29-11-2023 08:26,3,38,65,63,0
29-11-2023 08:27,3,28,64,58,0
29-11-2023 08:28,2,29,60,57,0
29-11-2023 08:29,3,35,59,59,1
29-11-2023 08:30,3,49,59,70,0
29-11-2023 08:31,2,42,41,63,0
29-11-2023 08:32,2,44,58,57,0
29-11-2023 08:33,3,24,66,84,1
29-11-2023 08:34,2,30,39,54,0
29-11-2023 08:35,3,48,53,59,0
29-11-2023 08:36,3,30,62,73,0
29-11-2023 08:37,2,32,38,84,1
29-11-2023 08:38,3,30,62,54,1
29-11-2023 08:39,3,39,51,69,0
29-11-2023 08:40,1,20,64,55,0
29-11-2023 08:41,1,23,38,62,1
29-11-2023 08:42,2,20,54,59,0
29-11-2023 08:43,1,27,45,76,0
29-11-2023 08:44,1,28,47,87,1
29-11-2023 08:45,1,43,53,68,0
29-11-2023 08:46,1,20,65,76,1
29-11-2023 08:47,2,38,44,84,0
29-11-2023 08:48,3,42,59,83,0
29-11-2023 08:49,3,21,53,76,0
29-11-2023 08:50,2,26,57,86,1
29-11-2023 08:51,1,22,59,69,0
29-11-2023 08:52,1,30,63,72,1
29-11-2023 08:53,1,45,69,86,0
29-11-2023 08:54,1,22,69,63,1
29-11-2023 08:55,3,41,40,62,0
29-11-2023 08:56,2,20,59,68,1
29-11-2023 08:57,2,23,67,53,0
29-11-2023 08:58,3,19,47,53,1
29-11-2023 08:59,2,27,53,82,1
29-11-2023 09:00,3,40,64,75,0
29-11-2023 09:01,2,37,69,77,1
29-11-2023 09:02,3,41,63,72,0
29-11-2023 09:03,3,43,62,68,1
29-11-2023 09:04,3,44,51,68,1
29-11-2023 09:05,2,30,62,78,0
29-11-2023 09:06,2,35,59,86,1
29-11-2023 09:07,2,39,52,80,1
29-11-2023 09:08,1,34,38,68,1
29-11-2023 09:09,3,43,47,70,1
29-11-2023 09:10,1,20,65,61,1
29-11-2023 09:11,3,40,54,58,0
29-11-2023 09:12,1,37,64,81,1
29-11-2023 09:13,3,20,64,63,0
29-11-2023 09:14,1,38,50,80,0
29-11-2023 09:15,3,25,53,67,1
29-11-2023 09:16,1,24,57,53,0
29-11-2023 09:17,2,42,64,63,1
29-11-2023 09:18,1,37,66,61,0
29-11-2023 09:19,3,36,52,71,0
29-11-2023 09:20,1,26,63,73,0
29-11-2023 09:21,1,37,56,64,0
29-11-2023 09:22,2,41,56,78,0
29-11-2023 09:23,2,40,54,66,0
29-11-2023 09:24,1,29,68,72,0
29-11-2023 09:25,3,20,44,86,0
29-11-2023 09:26,1,20,43,82,0
29-11-2023 09:27,3,19,41,75,1
29-11-2023 09:28,1,24,70,63,0
29-11-2023 09:29,2,19,58,57,1
29-11-2023 09:30,3,39,49,87,0
29-11-2023 09:31,1,35,58,57,0
29-11-2023 09:32,2,30,61,73,1
29-11-2023 09:33,3,22,44,62,1
29-11-2023 09:34,2,43,40,77,1
29-11-2023 09:35,2,26,39,85,1
29-11-2023 09:36,3,30,51,53,0
29-11-2023 09:37,3,49,42,54,1
29-11-2023 09:38,2,43,66,59,0
29-11-2023 09:39,1,42,61,71,0
29-11-2023 09:40,1,40,41,73,1
29-11-2023 09:41,3,22,38,63,1
29-11-2023 09:42,1,26,63,54,0
29-11-2023 09:43,3,44,50,59,0
29-11-2023 09:44,2,23,61,84,1
29-11-2023 09:45,2,44,42,64,0
29-11-2023 09:46,3,46,45,71,1
29-11-2023 09:47,2,39,63,60,0
29-11-2023 09:48,2,36,53,62,1
29-11-2023 09:49,1,31,39,77,1
29-11-2023 09:50,1,20,52,59,1
29-11-2023 09:51,1,24,62,71,1
29-11-2023 09:52,3,46,57,55,1
29-11-2023 09:53,3,38,55,64,1
29-11-2023 09:54,1,26,38,74,1
29-11-2023 09:55,1,30,48,60,1
29-11-2023 09:56,3,33,51,71,0
29-11-2023 09:57,2,41,52,77,1
29-11-2023 09:58,3,49,51,86,0
29-11-2023 09:59,1,19,50,85,1
29-11-2023 10:00,2,40,65,53,1
29-11-2023 10:01,3,49,68,55,1
29-11-2023 10:02,1,38,57,53,1
29-11-2023 10:03,2,40,64,85,1
29-11-2023 10:04,1,35,64,78,1
29-11-2023 10:05,2,39,52,62,1
29-11-2023 10:06,3,39,63,67,0
29-11-2023 10:07,1,22,45,69,1
29-11-2023 10:08,2,27,69,76,1
29-11-2023 10:09,3,32,60,72,1
29-11-2023 10:10,3,30,48,83,0
29-11-2023 10:11,1,42,49,56,1
29-11-2023 10:12,2,35,40,57,1
29-11-2023 10:13,1,44,42,70,0
29-11-2023 10:14,2,29,69,78,1
29-11-2023 10:15,3,19,70,69,1
29-11-2023 10:16,3,40,67,80,1
29-11-2023 10:17,3,47,67,57,1
29-11-2023 10:18,2,35,40,79,1
29-11-2023 10:19,2,32,38,58,1
29-11-2023 10:20,2,22,52,61,0
29-11-2023 10:21,2,25,60,67,1
29-11-2023 10:22,3,41,38,84,1
29-11-2023 10:23,3,43,70,80,0
29-11-2023 10:24,3,26,51,82,1
29-11-2023 10:25,3,40,42,83,0
29-11-2023 10:26,3,19,52,66,0
29-11-2023 10:27,1,33,52,74,1
29-11-2023 10:28,2,34,56,60,1
29-11-2023 10:29,2,34,69,55,0
29-11-2023 10:30,1,48,57,75,0
29-11-2023 10:31,1,22,56,77,1
29-11-2023 10:32,2,40,48,71,0
29-11-2023 10:33,2,19,68,55,0
29-11-2023 10:34,1,42,65,70,1
29-11-2023 10:35,1,30,55,66,1
29-11-2023 10:36,2,26,59,78,0
29-11-2023 10:37,2,31,50,65,0
29-11-2023 10:38,1,28,61,80,1
29-11-2023 10:39,3,31,56,79,0
29-11-2023 10:40,3,23,62,70,0
29-11-2023 10:41,3,35,49,72,0
29-11-2023 10:42,2,23,68,78,0
29-11-2023 10:43,2,29,66,69,1
29-11-2023 10:44,2,43,64,80,1
29-11-2023 10:45,3,34,49,67,1
29-11-2023 10:46,1,30,48,78,0
29-11-2023 10:47,1,44,63,86,1
29-11-2023 10:48,2,23,61,79,0
29-11-2023 10:49,1,35,60,85,1
29-11-2023 10:50,2,28,51,76,1
29-11-2023 10:51,1,21,43,81,1
29-11-2023 10:52,3,36,46,79,0
29-11-2023 10:53,2,35,50,87,1
29-11-2023 10:54,2,25,49,71,1
29-11-2023 10:55,1,42,50,76,1
29-11-2023 10:56,2,26,45,75,1
29-11-2023 10:57,2,44,59,79,1
29-11-2023 10:58,1,33,61,77,0
29-11-2023 10:59,1,34,68,84,1
29-11-2023 11:00,2,29,63,69,0
29-11-2023 11:01,3,27,43,73,0
29-11-2023 11:02,3,30,68,85,1
29-11-2023 11:03,2,28,45,77,1
29-11-2023 11:04,1,43,60,56,0
29-11-2023 11:05,2,47,48,64,1
29-11-2023 11:06,3,21,49,62,1
29-11-2023 11:07,3,25,40,61,0
29-11-2023 11:08,3,49,49,71,0
29-11-2023 11:09,2,40,55,85,1
29-11-2023 11:10,1,39,65,77,1
29-11-2023 11:11,1,48,44,62,1
29-11-2023 11:12,3,49,59,79,1
29-11-2023 11:13,3,34,61,76,0
29-11-2023 11:14,3,29,46,82,1
29-11-2023 11:15,1,26,62,72,1
29-11-2023 11:16,3,32,60,78,0
29-11-2023 11:17,1,37,48,72,1
29-11-2023 11:18,3,44,49,72,1
29-11-2023 11:19,3,25,60,68,0
29-11-2023 11:20,2,49,47,79,0
29-11-2023 11:21,2,31,61,62,0
29-11-2023 11:22,1,47,69,84,0
29-11-2023 11:23,2,38,46,55,0
29-11-2023 11:24,2,20,55,85,1
29-11-2023 11:25,3,19,56,68,1
29-11-2023 11:26,3,40,61,64,1
29-11-2023 11:27,3,27,58,78,0
29-11-2023 11:28,3,21,55,68,1
29-11-2023 11:29,3,42,67,81,1
29-11-2023 11:30,3,23,66,64,1
29-11-2023 11:31,1,39,41,74,0
29-11-2023 11:32,2,33,61,85,1
29-11-2023 11:33,2,28,38,66,0
29-11-2023 11:34,2,36,69,62,0
29-11-2023 11:35,1,23,39,60,1
29-11-2023 11:36,2,37,61,56,0
29-11-2023 11:37,2,31,53,73,0
29-11-2023 11:38,2,28,49,86,0
29-11-2023 11:39,2,37,39,55,1
29-11-2023 11:40,3,21,48,84,1
29-11-2023 11:41,2,33,56,58,1
29-11-2023 11:42,3,21,59,53,0
29-11-2023 11:43,2,42,59,71,0
29-11-2023 11:44,3,45,43,66,1
29-11-2023 11:45,3,23,64,59,0
29-11-2023 11:46,3,22,42,78,0
29-11-2023 11:47,3,48,57,81,0
29-11-2023 11:48,1,34,42,73,0
29-11-2023 11:49,1,32,44,61,0
29-11-2023 11:50,3,26,45,71,0
29-11-2023 11:51,2,45,60,80,0
29-11-2023 11:52,2,23,63,59,0
29-11-2023 11:53,3,32,63,79,0
29-11-2023 11:54,1,43,48,54,1
29-11-2023 11:55,1,23,47,85,1
29-11-2023 11:56,3,22,48,72,1
29-11-2023 11:57,3,32,48,80,1
29-11-2023 11:58,3,49,42,68,1
29-11-2023 11:59,2,26,51,78,0
29-11-2023 12:00,2,20,53,65,0
29-11-2023 12:01,2,40,53,65,0
29-11-2023 12:02,2,34,53,85,0
29-11-2023 12:03,1,36,63,83,1
29-11-2023 12:04,3,29,48,62,1
29-11-2023 12:05,3,43,47,73,1
29-11-2023 12:06,2,27,65,85,0
29-11-2023 12:07,3,22,60,69,0
29-11-2023 12:08,2,45,67,76,1
29-11-2023 12:09,1,32,62,76,1
29-11-2023 12:10,2,40,59,85,0
29-11-2023 12:11,3,21,57,66,1
29-11-2023 12:12,1,28,38,85,0
29-11-2023 12:13,2,29,46,62,0
29-11-2023 12:14,2,47,69,56,0
29-11-2023 12:15,3,37,61,86,1
29-11-2023 12:16,2,31,48,63,1
29-11-2023 12:17,3,37,66,72,1
29-11-2023 12:18,3,23,59,60,1
29-11-2023 12:19,2,26,43,76,0
29-11-2023 12:20,1,30,56,70,1
29-11-2023 12:21,2,33,59,68,1
29-11-2023 12:22,3,28,45,65,0
29-11-2023 12:23,1,36,47,57,0
29-11-2023 12:24,2,43,54,81,1
29-11-2023 12:25,2,32,41,77,0
29-11-2023 12:26,1,34,38,78,0
29-11-2023 12:27,3,43,51,87,1
29-11-2023 12:28,2,25,43,86,1
29-11-2023 12:29,1,30,54,62,1
29-11-2023 12:30,2,48,39,69,0
29-11-2023 12:31,2,48,58,61,0
29-11-2023 12:32,3,21,40,87,0
29-11-2023 12:33,2,37,69,80,1
29-11-2023 12:34,2,42,56,64,1
29-11-2023 12:35,2,39,54,69,1
29-11-2023 12:36,2,38,61,76,0
29-11-2023 12:37,3,24,44,80,0
29-11-2023 12:38,2,35,58,76,1
29-11-2023 12:39,1,47,60,66,1
29-11-2023 12:40,3,39,50,79,1
29-11-2023 12:41,1,47,50,67,1
29-11-2023 12:42,1,45,48,84,1
29-11-2023 12:43,3,25,60,57,1
29-11-2023 12:44,3,19,62,60,1
29-11-2023 12:45,2,34,63,67,1
29-11-2023 12:46,1,44,63,76,0
29-11-2023 12:47,1,24,55,72,1
29-11-2023 12:48,3,49,41,81,1
29-11-2023 12:49,1,31,38,77,0
29-11-2023 12:50,2,48,70,82,1
29-11-2023 12:51,2,47,58,77,0
29-11-2023 12:52,1,21,62,71,1
29-11-2023 12:53,3,20,57,57,0
29-11-2023 12:54,3,42,70,86,0
29-11-2023 12:55,2,37,40,63,0
29-11-2023 12:56,2,20,52,53,1
29-11-2023 12:57,2,23,64,64,0
29-11-2023 12:58,2,27,68,67,0
29-11-2023 12:59,3,36,70,82,1
29-11-2023 13:00,2,45,39,64,0
29-11-2023 13:01,2,48,58,86,0
29-11-2023 13:02,2,38,68,59,0
29-11-2023 13:03,2,34,46,72,0
29-11-2023 13:04,2,48,61,70,0
29-11-2023 13:05,3,31,54,57,0
29-11-2023 13:06,1,19,65,87,0
29-11-2023 13:07,3,28,50,69,1
29-11-2023 13:08,3,35,38,69,0
29-11-2023 13:09,1,28,66,85,1
29-11-2023 13:10,2,31,52,56,0
29-11-2023 13:11,3,36,46,76,1
29-11-2023 13:12,3,20,58,65,0
29-11-2023 13:13,3,25,38,78,0
29-11-2023 13:14,3,49,51,80,1
29-11-2023 13:15,1,19,56,60,0
29-11-2023 13:16,2,42,55,55,0
29-11-2023 13:17,1,26,38,81,1
29-11-2023 13:18,2,21,42,77,1
29-11-2023 13:19,2,30,38,86,1
29-11-2023 13:20,2,32,60,87,0
29-11-2023 13:21,3,37,69,56,0
29-11-2023 13:22,3,38,66,87,0
29-11-2023 13:23,1,25,56,55,0
29-11-2023 13:24,3,30,47,80,0
29-11-2023 13:25,2,33,45,83,0
29-11-2023 13:26,1,36,52,63,1
29-11-2023 13:27,3,27,54,68,1
29-11-2023 13:28,2,28,57,64,0
29-11-2023 13:29,2,32,64,72,1
29-11-2023 13:30,3,37,45,84,0
29-11-2023 13:31,2,43,43,59,0
29-11-2023 13:32,2,21,51,55,1
29-11-2023 13:33,2,37,51,73,1
29-11-2023 13:34,3,38,40,76,1
29-11-2023 13:35,2,19,59,71,0
29-11-2023 13:36,3,25,60,61,0
29-11-2023 13:37,3,49,59,61,1
29-11-2023 13:38,3,39,67,75,0
29-11-2023 13:39,1,38,53,71,1
29-11-2023 13:40,3,21,52,66,1
29-11-2023 13:41,1,31,56,60,0
29-11-2023 13:42,3,48,47,73,1
29-11-2023 13:43,1,46,43,56,1
29-11-2023 13:44,1,31,65,56,1
29-11-2023 13:45,3,23,50,80,1
29-11-2023 13:46,2,46,45,59,1
29-11-2023 13:47,2,28,68,66,0
29-11-2023 13:48,1,38,70,67,1
29-11-2023 13:49,2,27,58,54,0
29-11-2023 13:50,3,26,57,63,0
29-11-2023 13:51,1,27,40,72,0
29-11-2023 13:52,2,36,70,57,1
29-11-2023 13:53,3,35,54,71,1
29-11-2023 13:54,1,40,64,55,0
29-11-2023 13:55,3,25,70,73,1
29-11-2023 13:56,3,22,62,87,1
29-11-2023 13:57,3,23,41,80,0
29-11-2023 13:58,2,19,47,78,1
29-11-2023 13:59,2,30,48,64,0
29-11-2023 14:00,1,49,61,77,1
29-11-2023 14:01,2,42,38,87,0
29-11-2023 14:02,2,37,40,68,1
29-11-2023 14:03,3,31,59,78,1
29-11-2023 14:04,2,44,44,73,1
29-11-2023 14:05,3,47,66,82,1
29-11-2023 14:06,3,44,59,61,1
29-11-2023 14:07,3,27,64,70,0
29-11-2023 14:08,3,34,52,76,0
29-11-2023 14:09,1,35,54,55,0
29-11-2023 14:10,1,25,52,75,1
29-11-2023 14:11,3,36,61,60,0
29-11-2023 14:12,3,29,61,79,1
29-11-2023 14:13,2,34,59,71,0
29-11-2023 14:14,3,21,62,61,1
29-11-2023 14:15,3,38,39,76,1
29-11-2023 14:16,2,20,65,85,0
29-11-2023 14:17,3,26,57,54,0
29-11-2023 14:18,1,28,50,86,0
29-11-2023 14:19,2,20,66,85,1
29-11-2023 14:20,1,27,61,76,1
29-11-2023 14:21,1,31,67,75,0
29-11-2023 14:22,1,40,65,59,0
29-11-2023 14:23,2,40,51,82,1
29-11-2023 14:24,2,41,63,54,0
29-11-2023 14:25,2,19,50,83,0
29-11-2023 14:26,1,26,39,78,0
29-11-2023 14:27,1,27,41,87,0
29-11-2023 14:28,2,41,53,76,0
29-11-2023 14:29,3,22,63,55,0
29-11-2023 14:30,3,40,67,67,0
29-11-2023 14:31,2,44,59,70,0
29-11-2023 14:32,2,28,51,62,0
29-11-2023 14:33,1,40,38,87,1
29-11-2023 14:34,1,47,41,56,1
29-11-2023 14:35,2,25,60,74,0
29-11-2023 14:36,1,44,58,62,0
29-11-2023 14:37,1,33,41,54,0
29-11-2023 14:38,3,27,54,57,1
29-11-2023 14:39,3,32,69,64,1
29-11-2023 14:40,2,36,44,57,0
29-11-2023 14:41,1,24,69,79,1
29-11-2023 14:42,2,25,68,75,1
29-11-2023 14:43,2,39,64,71,1
29-11-2023 14:44,3,48,67,66,0
29-11-2023 14:45,1,20,52,70,0
29-11-2023 14:46,2,31,50,69,0
29-11-2023 14:47,2,46,56,77,0
29-11-2023 14:48,2,28,64,69,1
29-11-2023 14:49,2,40,47,80,1
29-11-2023 14:50,3,23,68,56,0
29-11-2023 14:51,2,42,54,86,1
29-11-2023 14:52,3,24,66,82,0
29-11-2023 14:53,1,38,65,54,0
29-11-2023 14:54,2,34,48,81,0
29-11-2023 14:55,3,25,57,71,0
29-11-2023 14:56,2,40,43,72,1
29-11-2023 14:57,3,36,57,59,0
29-11-2023 14:58,3,45,70,53,0
29-11-2023 14:59,2,20,60,54,1
29-11-2023 15:00,1,31,40,61,1
29-11-2023 15:01,3,34,48,66,1
29-11-2023 15:02,2,20,42,62,0
29-11-2023 15:03,3,30,39,71,0
29-11-2023 15:04,3,42,58,66,0
29-11-2023 15:05,1,49,61,73,0
29-11-2023 15:06,1,29,57,66,0
29-11-2023 15:07,2,45,48,67,0
29-11-2023 15:08,3,35,45,56,0
29-11-2023 15:09,1,34,65,59,0
29-11-2023 15:10,2,49,45,85,1
29-11-2023 15:11,2,33,52,59,0
29-11-2023 15:12,2,47,67,57,0
29-11-2023 15:13,3,26,43,63,0
29-11-2023 15:14,1,36,61,62,0
29-11-2023 15:15,2,36,64,78,0
29-11-2023 15:16,3,27,59,60,1
29-11-2023 15:17,1,27,48,69,1
29-11-2023 15:18,1,35,42,60,1
29-11-2023 15:19,3,42,54,76,1
29-11-2023 15:20,2,20,58,80,1
29-11-2023 15:21,2,23,68,58,1
29-11-2023 15:22,2,34,54,53,0
29-11-2023 15:23,2,26,41,82,0
29-11-2023 15:24,3,47,70,72,1
29-11-2023 15:25,3,39,70,73,0
29-11-2023 15:26,2,24,57,86,0
29-11-2023 15:27,3,38,66,63,0
29-11-2023 15:28,1,29,53,87,0
29-11-2023 15:29,3,34,42,56,1
29-11-2023 15:30,3,21,53,56,0
29-11-2023 15:31,2,30,65,55,1
29-11-2023 15:32,3,38,41,76,1
29-11-2023 15:33,2,41,57,54,1
29-11-2023 15:34,2,20,64,53,0
29-11-2023 15:35,2,41,56,55,0
29-11-2023 15:36,3,45,69,66,0
29-11-2023 15:37,3,43,68,58,1
29-11-2023 15:38,1,25,44,80,1
29-11-2023 15:39,2,29,57,62,1
29-11-2023 15:40,1,27,39,57,0
29-11-2023 15:41,1,35,50,65,1
29-11-2023 15:42,3,37,43,69,0
29-11-2023 15:43,1,38,55,66,1
29-11-2023 15:44,3,31,66,74,1
29-11-2023 15:45,1,44,63,70,0
29-11-2023 15:46,2,36,40,63,1
29-11-2023 15:47,2,22,44,84,1
29-11-2023 15:48,1,49,55,60,0
29-11-2023 15:49,1,48,48,82,1
29-11-2023 15:50,1,41,65,85,1
29-11-2023 15:51,2,37,64,84,0
29-11-2023 15:52,2,21,51,55,1
29-11-2023 15:53,3,26,51,58,0
29-11-2023 15:54,1,30,48,56,1
29-11-2023 15:55,2,47,48,70,0
29-11-2023 15:56,3,40,45,67,0
29-11-2023 15:57,2,49,68,59,0
29-11-2023 15:58,3,28,38,62,1
29-11-2023 15:59,1,21,56,69,0
29-11-2023 16:00,3,37,44,55,1
29-11-2023 16:01,3,49,59,69,0
29-11-2023 16:02,1,45,67,61,0
29-11-2023 16:03,3,31,64,77,1
29-11-2023 16:04,2,22,69,66,1
29-11-2023 16:05,1,41,62,77,1
29-11-2023 16:06,3,31,55,74,1
29-11-2023 16:07,2,43,53,70,0
29-11-2023 16:08,2,42,70,61,1
29-11-2023 16:09,1,23,39,61,1
29-11-2023 16:10,2,23,70,66,0
29-11-2023 16:11,3,39,64,73,1
29-11-2023 16:12,1,48,58,63,0
29-11-2023 16:13,2,35,44,59,1
29-11-2023 16:14,3,45,46,56,1
29-11-2023 16:15,2,47,60,74,1
29-11-2023 16:16,1,22,61,87,0
29-11-2023 16:17,1,27,58,66,0
29-11-2023 16:18,1,38,44,81,1
29-11-2023 16:19,3,33,45,78,1
29-11-2023 16:20,3,38,42,67,0
29-11-2023 16:21,3,35,50,80,0
29-11-2023 16:22,2,28,69,62,0
29-11-2023 16:23,3,44,59,71,0
29-11-2023 16:24,2,46,55,74,1
29-11-2023 16:25,3,30,65,73,1
29-11-2023 16:26,3,30,69,69,0
29-11-2023 16:27,1,30,44,76,0
29-11-2023 16:28,1,39,63,74,1
29-11-2023 16:29,3,19,60,67,0
29-11-2023 16:30,3,33,49,78,1
29-11-2023 16:31,1,36,51,79,0
29-11-2023 16:32,1,45,59,65,1
29-11-2023 16:33,1,40,53,72,1
29-11-2023 16:34,2,23,70,54,1
29-11-2023 16:35,2,24,67,77,1
29-11-2023 16:36,2,24,46,64,1
29-11-2023 16:37,1,42,70,71,1
29-11-2023 16:38,1,35,57,75,0
29-11-2023 16:39,2,45,70,76,1
29-11-2023 16:40,3,44,58,79,0
29-11-2023 16:41,1,31,65,85,1
29-11-2023 16:42,1,29,66,73,1
29-11-2023 16:43,2,49,54,73,0
29-11-2023 16:44,3,44,55,84,0
29-11-2023 16:45,1,47,55,65,1
29-11-2023 16:46,3,48,39,58,0
29-11-2023 16:47,3,23,61,78,1
29-11-2023 16:48,1,21,45,65,1
29-11-2023 16:49,3,39,44,60,1
29-11-2023 16:50,1,42,45,56,1
29-11-2023 16:51,3,37,46,63,0
29-11-2023 16:52,3,32,69,86,0
29-11-2023 16:53,1,40,39,83,0
29-11-2023 16:54,1,47,51,53,1
29-11-2023 16:55,1,45,46,59,1
29-11-2023 16:56,1,34,41,80,0
29-11-2023 16:57,2,36,48,53,1
29-11-2023 16:58,1,37,69,85,1
29-11-2023 16:59,1,30,45,58,0
29-11-2023 17:00,2,33,56,87,0
29-11-2023 17:01,2,38,58,73,0
29-11-2023 17:02,3,39,61,65,1
29-11-2023 17:03,1,45,42,78,0
29-11-2023 17:04,3,39,59,65,1
29-11-2023 17:05,3,45,56,83,1
29-11-2023 17:06,2,45,59,72,0
29-11-2023 17:07,2,40,46,81,1
29-11-2023 17:08,2,30,69,77,0
29-11-2023 17:09,2,20,51,81,0
29-11-2023 17:10,1,43,50,74,1
29-11-2023 17:11,2,28,49,57,0
29-11-2023 17:12,1,25,40,55,1
29-11-2023 17:13,3,47,48,76,1
29-11-2023 17:14,2,19,66,72,1
29-11-2023 17:15,1,36,44,53,1
29-11-2023 17:16,3,20,54,69,1
29-11-2023 17:17,2,34,61,61,1
29-11-2023 17:18,1,46,43,62,1
29-11-2023 17:19,1,46,41,56,1
29-11-2023 17:20,1,24,40,77,0
29-11-2023 17:21,3,46,44,77,0
29-11-2023 17:22,2,23,55,86,1
29-11-2023 17:23,2,24,46,60,0
29-11-2023 17:24,2,31,50,78,0
29-11-2023 17:25,1,42,49,84,1
29-11-2023 17:26,3,40,69,62,0
29-11-2023 17:27,3,32,62,53,0
29-11-2023 17:28,3,42,67,53,1
29-11-2023 17:29,3,25,45,75,0
29-11-2023 17:30,2,26,47,53,1
29-11-2023 17:31,3,33,56,63,0
29-11-2023 17:32,2,44,38,78,0
29-11-2023 17:33,2,32,57,86,0
29-11-2023 17:34,2,24,57,82,0
29-11-2023 17:35,1,32,53,54,0
29-11-2023 17:36,1,32,57,83,0
29-11-2023 17:37,2,39,50,78,0
29-11-2023 17:38,1,43,43,72,0
29-11-2023 17:39,1,32,40,84,1
29-11-2023 17:40,2,28,66,85,1
29-11-2023 17:41,3,44,48,85,1
29-11-2023 17:42,1,40,59,83,0
29-11-2023 17:43,3,32,50,82,1
29-11-2023 17:44,3,22,50,54,1
29-11-2023 17:45,3,27,62,57,1
29-11-2023 17:46,2,44,58,67,1
29-11-2023 17:47,3,21,38,87,1
29-11-2023 17:48,1,35,67,66,1
29-11-2023 17:49,2,45,67,55,1
29-11-2023 17:50,3,43,70,75,1
29-11-2023 17:51,2,19,39,62,0
29-11-2023 17:52,2,33,44,78,1
29-11-2023 17:53,1,35,60,81,0
29-11-2023 17:54,2,46,46,53,0
29-11-2023 17:55,1,29,54,69,0
29-11-2023 17:56,1,41,55,80,1
29-11-2023 17:57,3,26,54,72,0
29-11-2023 17:58,1,46,57,86,1
29-11-2023 17:59,3,20,40,82,1
29-11-2023 18:00,3,36,45,54,1
29-11-2023 18:01,2,26,63,61,0
29-11-2023 18:02,1,28,58,84,0
29-11-2023 18:03,1,30,57,61,1
29-11-2023 18:04,2,38,64,60,1
29-11-2023 18:05,2,22,45,59,0
29-11-2023 18:06,3,44,68,62,1
29-11-2023 18:07,2,48,68,82,0
29-11-2023 18:08,1,20,63,70,1
29-11-2023 18:09,3,19,59,62,1
29-11-2023 18:10,2,27,63,61,1
29-11-2023 18:11,2,40,52,62,1
29-11-2023 18:12,3,37,63,64,0
29-11-2023 18:13,3,20,61,71,0
29-11-2023 18:14,1,45,57,76,1
29-11-2023 18:15,2,43,39,79,0
29-11-2023 18:16,2,29,69,69,1
29-11-2023 18:17,3,32,57,79,1
29-11-2023 18:18,2,28,46,65,1
29-11-2023 18:19,1,40,47,58,0
29-11-2023 18:20,1,45,43,74,0
29-11-2023 18:21,3,38,43,72,1
29-11-2023 18:22,1,33,40,82,1
29-11-2023 18:23,2,34,69,84,1
29-11-2023 18:24,3,47,56,82,0
29-11-2023 18:25,2,25,63,87,1
29-11-2023 18:26,2,30,60,58,0
29-11-2023 18:27,3,22,62,64,0
29-11-2023 18:28,2,44,39,80,1
29-11-2023 18:29,3,19,65,54,1
29-11-2023 18:30,1,33,67,69,0
29-11-2023 18:31,2,27,69,76,1
29-11-2023 18:32,1,28,67,65,0
29-11-2023 18:33,2,32,47,83,1
29-11-2023 18:34,3,44,69,74,0
29-11-2023 18:35,1,27,38,56,1
29-11-2023 18:36,2,26,52,74,1
29-11-2023 18:37,3,30,58,83,0
29-11-2023 18:38,1,43,57,62,1
29-11-2023 18:39,1,30,51,56,1
29-11-2023 18:40,2,27,45,55,0
29-11-2023 18:41,1,20,51,71,0
29-11-2023 18:42,1,22,41,79,1
29-11-2023 18:43,1,37,69,66,1
29-11-2023 18:44,3,43,60,59,1
29-11-2023 18:45,1,38,51,63,0
29-11-2023 18:46,1,42,41,84,0
29-11-2023 18:47,2,47,67,53,0
29-11-2023 18:48,2,48,48,59,1
29-11-2023 18:49,1,38,70,73,1
29-11-2023 18:50,1,33,66,74,1
29-11-2023 18:51,3,44,51,67,1
29-11-2023 18:52,1,34,47,79,0
29-11-2023 18:53,2,24,38,81,0
29-11-2023 18:54,2,47,40,64,1
29-11-2023 18:55,3,39,49,87,1
29-11-2023 18:56,2,19,59,85,1
29-11-2023 18:57,3,27,38,61,1
29-11-2023 18:58,2,43,62,75,1
29-11-2023 18:59,1,38,61,67,1
29-11-2023 19:00,2,45,64,54,0
29-11-2023 19:01,2,25,70,73,0
29-11-2023 19:02,1,47,52,79,1
29-11-2023 19:03,1,40,38,77,1
29-11-2023 19:04,2,27,63,80,1
29-11-2023 19:05,1,22,57,63,1
29-11-2023 19:06,3,19,41,56,1
29-11-2023 19:07,1,36,46,79,0
29-11-2023 19:08,1,35,46,85,1
29-11-2023 19:09,1,34,59,67,0
29-11-2023 19:10,3,44,60,84,1
29-11-2023 19:11,3,26,50,72,0
29-11-2023 19:12,3,33,55,85,0
29-11-2023 19:13,3,40,55,68,1
29-11-2023 19:14,2,24,46,72,0
29-11-2023 19:15,3,24,45,67,0
29-11-2023 19:16,1,44,57,69,1
29-11-2023 19:17,2,37,39,57,0
29-11-2023 19:18,2,26,63,70,1
29-11-2023 19:19,3,44,60,73,1
29-11-2023 19:20,2,30,61,87,1
29-11-2023 19:21,2,25,63,61,1
29-11-2023 19:22,2,27,52,84,0
29-11-2023 19:23,1,48,41,67,0
29-11-2023 19:24,3,46,40,58,0
29-11-2023 19:25,1,33,67,77,0
29-11-2023 19:26,3,28,68,79,1
29-11-2023 19:27,3,38,42,66,0
29-11-2023 19:28,1,33,48,67,0
29-11-2023 19:29,1,21,60,55,0
29-11-2023 19:30,2,28,66,79,0
29-11-2023 19:31,1,45,41,55,0
29-11-2023 19:32,2,39,42,61,1
29-11-2023 19:33,3,30,48,56,0
29-11-2023 19:34,3,33,68,62,0
29-11-2023 19:35,3,21,59,64,1
29-11-2023 19:36,2,23,48,67,0
29-11-2023 19:37,2,42,38,64,1
29-11-2023 19:38,3,22,67,80,1
29-11-2023 19:39,1,32,50,64,0
29-11-2023 19:40,3,39,70,65,1
29-11-2023 19:41,3,49,49,70,1
29-11-2023 19:42,3,35,55,84,1
29-11-2023 19:43,1,23,53,75,1
29-11-2023 19:44,1,39,45,55,0
29-11-2023 19:45,1,26,61,77,1
29-11-2023 19:46,3,40,48,53,1
29-11-2023 19:47,1,33,59,59,0
29-11-2023 19:48,2,45,69,62,1
29-11-2023 19:49,3,23,51,79,1
29-11-2023 19:50,1,21,41,64,0
29-11-2023 19:51,3,27,42,86,0
29-11-2023 19:52,2,48,47,66,0
29-11-2023 19:53,2,19,60,62,1
29-11-2023 19:54,2,34,48,57,1
29-11-2023 19:55,3,39,56,81,1
29-11-2023 19:56,1,27,52,83,1
29-11-2023 19:57,1,41,57,74,0
29-11-2023 19:58,3,35,47,54,1
29-11-2023 19:59,3,48,64,76,1
29-11-2023 20:00,3,39,39,81,0
29-11-2023 20:01,2,48,52,54,1
29-11-2023 20:02,2,23,62,64,1
29-11-2023 20:03,3,23,46,73,1
29-11-2023 20:04,3,33,70,82,0
29-11-2023 20:05,1,25,64,73,1
29-11-2023 20:06,2,44,43,56,0
29-11-2023 20:07,1,44,43,72,0
29-11-2023 20:08,3,35,55,65,0
29-11-2023 20:09,1,34,47,73,1
29-11-2023 20:10,3,35,67,57,1
29-11-2023 20:11,1,48,65,84,1
29-11-2023 20:12,1,37,39,81,0
29-11-2023 20:13,3,26,70,79,1
29-11-2023 20:14,2,35,61,61,1
29-11-2023 20:15,2,29,65,53,0
29-11-2023 20:16,1,42,39,63,1
29-11-2023 20:17,1,44,61,63,1
29-11-2023 20:18,1,48,65,69,1
29-11-2023 20:19,2,20,48,62,0
29-11-2023 20:20,2,23,41,57,0
29-11-2023 20:21,1,41,66,70,0
29-11-2023 20:22,1,43,46,67,0
29-11-2023 20:23,1,24,47,63,1
29-11-2023 20:24,2,30,48,59,1
29-11-2023 20:25,3,37,43,55,1
29-11-2023 20:26,2,40,52,86,1
29-11-2023 20:27,2,20,66,73,1
29-11-2023 20:28,2,45,68,54,0
29-11-2023 20:29,2,19,70,70,1
29-11-2023 20:30,2,20,40,53,1
29-11-2023 20:31,2,33,59,76,0
29-11-2023 20:32,2,24,47,75,0
29-11-2023 20:33,3,48,51,61,1
29-11-2023 20:34,2,35,43,69,1
29-11-2023 20:35,1,43,68,87,1
29-11-2023 20:36,1,44,64,75,1
29-11-2023 20:37,3,44,50,72,0
29-11-2023 20:38,1,24,47,57,0
29-11-2023 20:39,3,32,57,53,1
29-11-2023 20:40,1,39,43,72,1
29-11-2023 20:41,3,20,53,75,1
29-11-2023 20:42,2,28,65,55,0
29-11-2023 20:43,1,30,50,76,0
29-11-2023 20:44,3,45,61,78,1
29-11-2023 20:45,2,30,41,80,0
29-11-2023 20:46,2,35,62,87,1
29-11-2023 20:47,1,19,64,59,0
29-11-2023 20:48,3,40,52,64,1
29-11-2023 20:49,1,34,63,68,0
29-11-2023 20:50,2,46,67,80,1
29-11-2023 20:51,2,24,45,63,1
29-11-2023 20:52,2,44,61,66,1
29-11-2023 20:53,2,28,42,63,0
29-11-2023 20:54,2,45,56,75,1
29-11-2023 20:55,1,46,57,57,1
29-11-2023 20:56,1,43,57,86,0
29-11-2023 20:57,1,19,63,70,1
29-11-2023 20:58,3,31,67,80,1
29-11-2023 20:59,1,22,48,79,0
29-11-2023 21:00,1,42,63,87,1
29-11-2023 21:01,3,40,46,79,0
29-11-2023 21:02,2,24,39,76,1
29-11-2023 21:03,3,26,66,53,1
29-11-2023 21:04,2,45,42,66,1
29-11-2023 21:05,1,19,39,53,0
29-11-2023 21:06,2,25,63,83,1
29-11-2023 21:07,1,43,63,76,0
29-11-2023 21:08,1,49,48,78,0
29-11-2023 21:09,2,36,60,63,1
29-11-2023 21:10,3,19,42,81,0
